/*
Navicat MySQL Data Transfer

Source Server         : my
Source Server Version : 50557
Source Host           : localhost:3306
Source Database       : ppp

Target Server Type    : MYSQL
Target Server Version : 50557
File Encoding         : 65001

Date: 2020-02-19 20:18:21
*/

SET FOREIGN_KEY_CHECKS=0;

-- ----------------------------
-- Table structure for `cms_article`
-- ----------------------------
DROP TABLE IF EXISTS `cms_article`;
CREATE TABLE `cms_article` (
  `id` int(11) NOT NULL AUTO_INCREMENT,
  `title` varchar(200) DEFAULT NULL COMMENT '标题',
  `content` longtext COMMENT '文章内容',
  `picture` varchar(200) DEFAULT NULL COMMENT '标题图片',
  `channel_id` int(11) DEFAULT NULL COMMENT '所属栏目',
  `category_id` int(11) DEFAULT NULL COMMENT '所属分类',
  `user_id` int(11) DEFAULT NULL COMMENT '文章发布人',
  `hits` int(11) DEFAULT NULL,
  `hot` int(11) DEFAULT NULL,
  `status` int(11) DEFAULT NULL COMMENT '0,刚发布,1审核通过,-1 审核未通过',
  `deleted` int(11) DEFAULT NULL COMMENT '0:正常,1:删除',
  `created` datetime DEFAULT NULL,
  `updated` datetime DEFAULT NULL,
  `summary` text,
  `content_type` int(11) DEFAULT '0' COMMENT '文章类型: 1:html 2:image',
  `keywords` varchar(100) DEFAULT NULL,
  `original` varchar(100) DEFAULT NULL,
  `complain_num` int(11) DEFAULT '0' COMMENT '举报次数',
  PRIMARY KEY (`id`),
  KEY `FK_CMS_ARTI_REFERENCE_CMS_USER` (`user_id`),
  KEY `FK_CMS_ARTI_REFERENCE_CMS_CHAN` (`channel_id`),
  KEY `FK_CMS_ARTI_REFERENCE_CMS_CATE` (`category_id`),
  CONSTRAINT `cms_article_ibfk_1` FOREIGN KEY (`category_id`) REFERENCES `cms_category` (`id`),
  CONSTRAINT `cms_article_ibfk_2` FOREIGN KEY (`channel_id`) REFERENCES `cms_channel` (`id`),
  CONSTRAINT `cms_article_ibfk_3` FOREIGN KEY (`user_id`) REFERENCES `cms_user` (`id`)
) ENGINE=InnoDB AUTO_INCREMENT=1463 DEFAULT CHARSET=utf8;

-- ----------------------------
-- Records of cms_article
-- ----------------------------
INSERT INTO `cms_article` VALUES ('12', 'test2', '的说法是第三方三是否是否是<img src=\"http://127.0.0.1/resource/kindeditor/plugins/emoticons/images/0.gif\" border=\"0\" alt=\"\" />', '3aebaedc-c7af-4385-bbe7-03c0c4567f05.jpg', '2', '6', '156', '0', '1', '1', '0', '2019-12-12 16:31:17', '2019-12-12 16:31:17', null, '0', null, null, '0');
INSERT INTO `cms_article` VALUES ('13', '中央：经济工作会议在北京举行', '<p style=\"font-size:16px;font-family:Arial, &quot;color:#333333;background-color:#FFFFFF;\">\n	<strong>央视网消息</strong>（新闻联播）：中央经济工作会议12月10日至12日在北京举行。中共中央总书记、国家主席、中央军委主席习近平，中共中央政治局常委、国务院总理李克强，中共中央政治局常委栗战书、汪洋、王沪宁、赵乐际、韩正出席会议。\n</p>\n<p style=\"font-size:16px;font-family:Arial, &quot;color:#333333;background-color:#FFFFFF;\">\n	&emsp;&emsp;习近平在会上发表重要讲话，总结2019年经济工作，分析当前经济形势，部署2020年经济工作。李克强在讲话中对明年经济工作作出具体部署，并作了总结讲话。\n</p>\n<p style=\"font-size:16px;font-family:Arial, &quot;color:#333333;background-color:#FFFFFF;\">\n	&emsp;&emsp;会议认为，今年以来，面对国内外风险挑战明显上升的复杂局面，在以习近平同志为核心的党中央坚强领导下，全党全国贯彻党中央决策部署，坚持稳中求进工作总基调，坚持以供给侧结构性改革为主线，推动高质量发展，扎实做好“六稳”工作，保持经济社会持续健康发展，三大攻坚战取得关键进展，精准脱贫成效显著，金融风险有效防控，生态环境质量总体改善，改革开放迈出重要步伐，供给侧结构性改革继续深化，科技创新取得新突破，人民群众获得感、幸福感、安全感提升，“十三五”规划主要指标进度符合预期，全面建成小康社会取得新的重大进展。\n</p>\n<p style=\"font-size:16px;font-family:Arial, &quot;color:#333333;background-color:#FFFFFF;\">\n	&emsp;&emsp;会议指出，当前世界经济增长持续放缓，国内经济下行压力加大，但我国经济稳中向好、长期向好的基本趋势没有改变，全党全国坚定信心、同心同德，一定能战胜各种风险挑战。\n</p>\n<p style=\"font-size:16px;font-family:Arial, &quot;color:#333333;background-color:#FFFFFF;\">\n	&emsp;&emsp;会议强调，明年是全面建成小康社会和“十三五”规划收官之年，要实现第一个百年奋斗目标，为“十四五”发展和实现第二个百年奋斗目标打好基础，做好经济工作十分重要。要以习近平新时代中国特色社会主义思想为指导，全面贯彻党的十九大和十九届二中、三中、四中全会精神，坚决贯彻党的基本理论、基本路线、基本方略，增强“四个意识”、坚定“四个自信”、做到“两个维护”，紧扣全面建成小康社会目标任务，坚持稳中求进工作总基调，坚持新发展理念，坚持以供给侧结构性改革为主线，坚持以改革开放为动力，推动高质量发展，坚决打赢三大攻坚战，全面做好“六稳”工作，统筹推进稳增长、促改革、调结构、惠民生、防风险、保稳定，保持经济运行在合理区间，确保全面建成小康社会和“十三五”规划圆满收官，得到人民认可、经得起历史检验。\n</p>\n<p style=\"font-size:16px;font-family:Arial, &quot;color:#333333;background-color:#FFFFFF;\">\n	&emsp;&emsp;会议指出，实现明年预期目标，要坚持稳字当头，坚持宏观政策要稳、微观政策要活、社会政策要托底的政策框架，提高宏观调控的前瞻性、针对性、有效性。坚持问题导向、目标导向、结果导向，在深化供给侧结构性改革上持续用力，确保经济实现量的合理增长和质的稳步提升。\n</p>\n<p style=\"font-size:16px;font-family:Arial, &quot;color:#333333;background-color:#FFFFFF;\">\n	&emsp;&emsp;会议确定，明年要抓好以下重点工作：\n</p>\n<p style=\"font-size:16px;font-family:Arial, &quot;color:#333333;background-color:#FFFFFF;\">\n	&emsp;&emsp;一是坚定不移贯彻新发展理念。新时代抓发展，必须更加突出发展理念，坚定不移贯彻创新、协调、绿色、开放、共享的新发展理念，推动高质量发展。各级党委和政府必须适应我国发展进入新阶段、社会主要矛盾发生变化的必然要求，紧紧扭住新发展理念推动发展，把注意力集中到解决各种不平衡不充分的问题上。要遵循经济社会发展规律，重大政策出台和调整要进行综合影响评估，切实抓好政策落实，坚决杜绝形形色色的形式主义、官僚主义。要把坚持贯彻新发展理念作为检验各级领导干部的一个重要尺度。\n</p>\n<p style=\"font-size:16px;font-family:Arial, &quot;color:#333333;background-color:#FFFFFF;\">\n	&emsp;&emsp;二是坚决打好三大攻坚战。要确保脱贫攻坚任务如期全面完成，集中兵力打好深度贫困歼灭战，严把贫困人口退出关，巩固脱贫成果。要打好污染防治攻坚战，坚持方向不变、力度不减，突出精准治污、科学治污、依法治污。要保持宏观杠杆率基本稳定，压实各方责任。\n</p>\n<p style=\"font-size:16px;font-family:Arial, &quot;color:#333333;background-color:#FFFFFF;\">\n	&emsp;&emsp;三是确保民生特别是困难群众基本生活得到有效保障和改善。要发挥政府作用保基本，注重普惠性、基础性、兜底性。要稳定就业总量，改善就业结构，提升就业质量，突出抓好重点群体就业工作。要深化医疗养老等民生服务领域市场化改革和对内对外开放，增强多层次多样化供给能力。要加大城市困难群众住房保障工作，加强城市更新和存量住房改造提升，大力发展租赁住房。要坚持房子是用来住的、不是用来炒的定位，促进房地产市场平稳健康发展。\n</p>\n<p style=\"font-size:16px;font-family:Arial, &quot;color:#333333;background-color:#FFFFFF;\">\n	&emsp;&emsp;四是继续实施积极的财政政策和稳健的货币政策。积极的财政政策要大力提质增效，更加注重结构调整。稳健的货币政策要灵活适度，保持流动性合理充裕，降低社会融资成本。财政政策、货币政策要协同精准发力，引导资金投向供需共同受益、具有乘数效应的领域。要充分挖掘超大规模市场优势，发挥消费的基础作用和投资的关键作用。\n</p>\n<p style=\"font-size:16px;font-family:Arial, &quot;color:#333333;background-color:#FFFFFF;\">\n	&emsp;&emsp;五是着力推动高质量发展。要坚持巩固、增强、提升、畅通的方针，以创新驱动和改革开放为两个轮子，全面提高经济整体竞争力，加快现代化经济体系建设。要狠抓农业生产保障供给，加快农业供给侧结构性改革，带动农民增收和乡村振兴。要深化科技体制改革，加快科技成果转化应用，提升企业技术创新能力，健全鼓励支持基础研究、原始创新的体制机制。要更多依靠市场机制和现代科技创新推动生产性服务业向专业化和价值链高端延伸，推动生活性服务业向高品质和多样化升级。要着眼国家长远发展，加强战略性、网络型基础设施建设。要加快落实区域发展战略，完善区域政策和空间布局，发挥各地比较优势，构建全国高质量发展的新动力源。要提高中心城市和城市群综合承载能力。\n</p>\n<p style=\"font-size:16px;font-family:Arial, &quot;color:#333333;background-color:#FFFFFF;\">\n	&emsp;&emsp;六是深化经济体制改革。要坚持和完善社会主义基本经济制度，加快建设高标准市场体系。要加快国资国企改革，推动国有资本布局优化调整。要完善产权制度和要素市场化配置，健全支持民营经济发展的法治环境，完善中小企业发展的政策体系。要改革土地计划管理方式，深化财税体制改革，加快金融体制改革。对外开放要继续往更大范围、更宽领域、更深层次的方向走，加强外商投资促进和保护，推动对外贸易稳中提质。要积极参与世贸组织改革，加快多双边自贸协议谈判。\n</p>\n<p style=\"font-size:16px;font-family:Arial, &quot;color:#333333;background-color:#FFFFFF;\">\n	&emsp;&emsp;会议强调，要完善和强化“六稳”举措，健全财政、货币、就业等政策协同和传导落实机制，确保经济运行在合理区间。要巩固和拓展减税降费成效，大力优化财政支出结构，进一步缓解企业融资难融资贵问题，多措并举保持就业形势稳定。要依靠改革优化营商环境，深化简政放权、放管结合、优化服务。要制定实施国有企业改革三年行动方案，提升国资国企改革综合成效，优化民营经济发展环境。要推动实体经济发展，提升制造业水平，发展新兴产业，促进大众创业万众创新。要强化民生导向，推动消费稳定增长，切实增加有效投资，释放国内市场需求潜力。要确保实现脱贫攻坚目标、巩固脱贫成果，毫不放松抓好农业生产，扎实推进乡村振兴。要推进更高水平对外开放，保持对外贸易稳定增长，稳定和扩大利用外资，扎实推进共建“一带一路”。要加强污染防治和生态建设。要扎实做好民生保障工作。\n</p>\n<p style=\"font-size:16px;font-family:Arial, &quot;color:#333333;background-color:#FFFFFF;\">\n	&emsp;&emsp;会议要求，各地区各部门要全面贯彻党的十九届四中全会精神，在推进国家治理体系和治理能力现代化上多下功夫，切实把党领导经济工作的制度优势转化为治理效能。\n</p>\n<p style=\"font-size:16px;font-family:Arial, &quot;color:#333333;background-color:#FFFFFF;\">\n	&emsp;&emsp;会议号召，全党全国要更加紧密地团结在以习近平同志为核心的党中央周围，勠力同心，锐意进取，坚决夺取全面建成小康社会伟大胜利！\n</p>\n<p style=\"font-size:16px;font-family:Arial, &quot;color:#333333;background-color:#FFFFFF;\">\n	&emsp;&emsp;中共中央政治局委员、中央书记处书记，全国人大常委会有关领导同志，国务委员，最高人民法院院长，最高人民检察院检察长，全国政协有关领导同志以及中央军委委员等出席会议。\n</p>', 'e7adb7ae-4a9a-4020-aebf-90b1bedf9745.jpg', '2', '8', '156', '0', '1', '1', '1', '2019-12-13 10:07:51', '2019-12-13 10:07:51', null, '0', null, null, '1');
INSERT INTO `cms_article` VALUES ('14', '中央经济：工作会议在北京举行', '<p style=\"font-size:16px;font-family:Arial, &quot;color:#333333;background-color:#FFFFFF;\">\n	<strong>央视网消息</strong>（新闻联播）：中央经济工作会议12月10日至12日在北京举行。中共中央总书记、国家主席、中央军委主席习近平，中共中央政治局常委、国务院总理李克强，中共中央政治局常委栗战书、汪洋、王沪宁、赵乐际、韩正出席会议。\n</p>\n<p style=\"font-size:16px;font-family:Arial, &quot;color:#333333;background-color:#FFFFFF;\">\n	&emsp;&emsp;习近平在会上发表重要讲话，总结2019年经济工作，分析当前经济形势，部署2020年经济工作。李克强在讲话中对明年经济工作作出具体部署，并作了总结讲话。\n</p>\n<p style=\"font-size:16px;font-family:Arial, &quot;color:#333333;background-color:#FFFFFF;\">\n	&emsp;&emsp;会议认为，今年以来，面对国内外风险挑战明显上升的复杂局面，在以习近平同志为核心的党中央坚强领导下，全党全国贯彻党中央决策部署，坚持稳中求进工作总基调，坚持以供给侧结构性改革为主线，推动高质量发展，扎实做好“六稳”工作，保持经济社会持续健康发展，三大攻坚战取得关键进展，精准脱贫成效显著，金融风险有效防控，生态环境质量总体改善，改革开放迈出重要步伐，供给侧结构性改革继续深化，科技创新取得新突破，人民群众获得感、幸福感、安全感提升，“十三五”规划主要指标进度符合预期，全面建成小康社会取得新的重大进展。\n</p>\n<p style=\"font-size:16px;font-family:Arial, &quot;color:#333333;background-color:#FFFFFF;\">\n	&emsp;&emsp;会议指出，当前世界经济增长持续放缓，国内经济下行压力加大，但我国经济稳中向好、长期向好的基本趋势没有改变，全党全国坚定信心、同心同德，一定能战胜各种风险挑战。\n</p>\n<p style=\"font-size:16px;font-family:Arial, &quot;color:#333333;background-color:#FFFFFF;\">\n	&emsp;&emsp;会议强调，明年是全面建成小康社会和“十三五”规划收官之年，要实现第一个百年奋斗目标，为“十四五”发展和实现第二个百年奋斗目标打好基础，做好经济工作十分重要。要以习近平新时代中国特色社会主义思想为指导，全面贯彻党的十九大和十九届二中、三中、四中全会精神，坚决贯彻党的基本理论、基本路线、基本方略，增强“四个意识”、坚定“四个自信”、做到“两个维护”，紧扣全面建成小康社会目标任务，坚持稳中求进工作总基调，坚持新发展理念，坚持以供给侧结构性改革为主线，坚持以改革开放为动力，推动高质量发展，坚决打赢三大攻坚战，全面做好“六稳”工作，统筹推进稳增长、促改革、调结构、惠民生、防风险、保稳定，保持经济运行在合理区间，确保全面建成小康社会和“十三五”规划圆满收官，得到人民认可、经得起历史检验。\n</p>\n<p style=\"font-size:16px;font-family:Arial, &quot;color:#333333;background-color:#FFFFFF;\">\n	&emsp;&emsp;会议指出，实现明年预期目标，要坚持稳字当头，坚持宏观政策要稳、微观政策要活、社会政策要托底的政策框架，提高宏观调控的前瞻性、针对性、有效性。坚持问题导向、目标导向、结果导向，在深化供给侧结构性改革上持续用力，确保经济实现量的合理增长和质的稳步提升。\n</p>\n<p style=\"font-size:16px;font-family:Arial, &quot;color:#333333;background-color:#FFFFFF;\">\n	&emsp;&emsp;会议确定，明年要抓好以下重点工作：\n</p>\n<p style=\"font-size:16px;font-family:Arial, &quot;color:#333333;background-color:#FFFFFF;\">\n	&emsp;&emsp;一是坚定不移贯彻新发展理念。新时代抓发展，必须更加突出发展理念，坚定不移贯彻创新、协调、绿色、开放、共享的新发展理念，推动高质量发展。各级党委和政府必须适应我国发展进入新阶段、社会主要矛盾发生变化的必然要求，紧紧扭住新发展理念推动发展，把注意力集中到解决各种不平衡不充分的问题上。要遵循经济社会发展规律，重大政策出台和调整要进行综合影响评估，切实抓好政策落实，坚决杜绝形形色色的形式主义、官僚主义。要把坚持贯彻新发展理念作为检验各级领导干部的一个重要尺度。\n</p>\n<p style=\"font-size:16px;font-family:Arial, &quot;color:#333333;background-color:#FFFFFF;\">\n	&emsp;&emsp;二是坚决打好三大攻坚战。要确保脱贫攻坚任务如期全面完成，集中兵力打好深度贫困歼灭战，严把贫困人口退出关，巩固脱贫成果。要打好污染防治攻坚战，坚持方向不变、力度不减，突出精准治污、科学治污、依法治污。要保持宏观杠杆率基本稳定，压实各方责任。\n</p>\n<p style=\"font-size:16px;font-family:Arial, &quot;color:#333333;background-color:#FFFFFF;\">\n	&emsp;&emsp;三是确保民生特别是困难群众基本生活得到有效保障和改善。要发挥政府作用保基本，注重普惠性、基础性、兜底性。要稳定就业总量，改善就业结构，提升就业质量，突出抓好重点群体就业工作。要深化医疗养老等民生服务领域市场化改革和对内对外开放，增强多层次多样化供给能力。要加大城市困难群众住房保障工作，加强城市更新和存量住房改造提升，大力发展租赁住房。要坚持房子是用来住的、不是用来炒的定位，促进房地产市场平稳健康发展。\n</p>\n<p style=\"font-size:16px;font-family:Arial, &quot;color:#333333;background-color:#FFFFFF;\">\n	&emsp;&emsp;四是继续实施积极的财政政策和稳健的货币政策。积极的财政政策要大力提质增效，更加注重结构调整。稳健的货币政策要灵活适度，保持流动性合理充裕，降低社会融资成本。财政政策、货币政策要协同精准发力，引导资金投向供需共同受益、具有乘数效应的领域。要充分挖掘超大规模市场优势，发挥消费的基础作用和投资的关键作用。\n</p>\n<p style=\"font-size:16px;font-family:Arial, &quot;color:#333333;background-color:#FFFFFF;\">\n	&emsp;&emsp;五是着力推动高质量发展。要坚持巩固、增强、提升、畅通的方针，以创新驱动和改革开放为两个轮子，全面提高经济整体竞争力，加快现代化经济体系建设。要狠抓农业生产保障供给，加快农业供给侧结构性改革，带动农民增收和乡村振兴。要深化科技体制改革，加快科技成果转化应用，提升企业技术创新能力，健全鼓励支持基础研究、原始创新的体制机制。要更多依靠市场机制和现代科技创新推动生产性服务业向专业化和价值链高端延伸，推动生活性服务业向高品质和多样化升级。要着眼国家长远发展，加强战略性、网络型基础设施建设。要加快落实区域发展战略，完善区域政策和空间布局，发挥各地比较优势，构建全国高质量发展的新动力源。要提高中心城市和城市群综合承载能力。\n</p>\n<p style=\"font-size:16px;font-family:Arial, &quot;color:#333333;background-color:#FFFFFF;\">\n	&emsp;&emsp;六是深化经济体制改革。要坚持和完善社会主义基本经济制度，加快建设高标准市场体系。要加快国资国企改革，推动国有资本布局优化调整。要完善产权制度和要素市场化配置，健全支持民营经济发展的法治环境，完善中小企业发展的政策体系。要改革土地计划管理方式，深化财税体制改革，加快金融体制改革。对外开放要继续往更大范围、更宽领域、更深层次的方向走，加强外商投资促进和保护，推动对外贸易稳中提质。要积极参与世贸组织改革，加快多双边自贸协议谈判。\n</p>\n<p style=\"font-size:16px;font-family:Arial, &quot;color:#333333;background-color:#FFFFFF;\">\n	&emsp;&emsp;会议强调，要完善和强化“六稳”举措，健全财政、货币、就业等政策协同和传导落实机制，确保经济运行在合理区间。要巩固和拓展减税降费成效，大力优化财政支出结构，进一步缓解企业融资难融资贵问题，多措并举保持就业形势稳定。要依靠改革优化营商环境，深化简政放权、放管结合、优化服务。要制定实施国有企业改革三年行动方案，提升国资国企改革综合成效，优化民营经济发展环境。要推动实体经济发展，提升制造业水平，发展新兴产业，促进大众创业万众创新。要强化民生导向，推动消费稳定增长，切实增加有效投资，释放国内市场需求潜力。要确保实现脱贫攻坚目标、巩固脱贫成果，毫不放松抓好农业生产，扎实推进乡村振兴。要推进更高水平对外开放，保持对外贸易稳定增长，稳定和扩大利用外资，扎实推进共建“一带一路”。要加强污染防治和生态建设。要扎实做好民生保障工作。\n</p>\n<p style=\"font-size:16px;font-family:Arial, &quot;color:#333333;background-color:#FFFFFF;\">\n	&emsp;&emsp;会议要求，各地区各部门要全面贯彻党的十九届四中全会精神，在推进国家治理体系和治理能力现代化上多下功夫，切实把党领导经济工作的制度优势转化为治理效能。\n</p>\n<p style=\"font-size:16px;font-family:Arial, &quot;color:#333333;background-color:#FFFFFF;\">\n	&emsp;&emsp;会议号召，全党全国要更加紧密地团结在以习近平同志为核心的党中央周围，勠力同心，锐意进取，坚决夺取全面建成小康社会伟大胜利！\n</p>\n<p style=\"font-size:16px;font-family:Arial, &quot;color:#333333;background-color:#FFFFFF;\">\n	&emsp;&emsp;中共中央政治局委员、中央书记处书记，全国人大常委会有关领导同志，国务委员，最高人民法院院长，最高人民检察院检察长，全国政协有关领导同志以及中央军委委员等出席会议。\n</p>', '00bfc9c3-77b2-47e5-b95a-77fff315b039.jpg', '2', '8', '156', '0', '1', '1', '0', '2019-12-13 10:09:58', '2019-12-13 10:09:58', null, '0', null, null, '1');
INSERT INTO `cms_article` VALUES ('15', '中央经济工作会议在北京举行', '<p style=\"font-size:16px;font-family:Arial, &quot;color:#333333;background-color:#FFFFFF;\">\n	<strong>央视网消息</strong>（新闻联播）：中央经济工作会议12月10日至12日在北京举行。中共中央总书记、国家主席、中央军委主席习近平，中共中央政治局常委、国务院总理李克强，中共中央政治局常委栗战书、汪洋、王沪宁、赵乐际、韩正出席会议。\n</p>\n<p style=\"font-size:16px;font-family:Arial, &quot;color:#333333;background-color:#FFFFFF;\">\n	&emsp;&emsp;习近平在会上发表重要讲话，总结2019年经济工作，分析当前经济形势，部署2020年经济工作。李克强在讲话中对明年经济工作作出具体部署，并作了总结讲话。\n</p>\n<p style=\"font-size:16px;font-family:Arial, &quot;color:#333333;background-color:#FFFFFF;\">\n	&emsp;&emsp;会议认为，今年以来，面对国内外风险挑战明显上升的复杂局面，在以习近平同志为核心的党中央坚强领导下，全党全国贯彻党中央决策部署，坚持稳中求进工作总基调，坚持以供给侧结构性改革为主线，推动高质量发展，扎实做好“六稳”工作，保持经济社会持续健康发展，三大攻坚战取得关键进展，精准脱贫成效显著，金融风险有效防控，生态环境质量总体改善，改革开放迈出重要步伐，供给侧结构性改革继续深化，科技创新取得新突破，人民群众获得感、幸福感、安全感提升，“十三五”规划主要指标进度符合预期，全面建成小康社会取得新的重大进展。\n</p>\n<p style=\"font-size:16px;font-family:Arial, &quot;color:#333333;background-color:#FFFFFF;\">\n	&emsp;&emsp;会议指出，当前世界经济增长持续放缓，国内经济下行压力加大，但我国经济稳中向好、长期向好的基本趋势没有改变，全党全国坚定信心、同心同德，一定能战胜各种风险挑战。\n</p>\n<p style=\"font-size:16px;font-family:Arial, &quot;color:#333333;background-color:#FFFFFF;\">\n	&emsp;&emsp;会议强调，明年是全面建成小康社会和“十三五”规划收官之年，要实现第一个百年奋斗目标，为“十四五”发展和实现第二个百年奋斗目标打好基础，做好经济工作十分重要。要以习近平新时代中国特色社会主义思想为指导，全面贯彻党的十九大和十九届二中、三中、四中全会精神，坚决贯彻党的基本理论、基本路线、基本方略，增强“四个意识”、坚定“四个自信”、做到“两个维护”，紧扣全面建成小康社会目标任务，坚持稳中求进工作总基调，坚持新发展理念，坚持以供给侧结构性改革为主线，坚持以改革开放为动力，推动高质量发展，坚决打赢三大攻坚战，全面做好“六稳”工作，统筹推进稳增长、促改革、调结构、惠民生、防风险、保稳定，保持经济运行在合理区间，确保全面建成小康社会和“十三五”规划圆满收官，得到人民认可、经得起历史检验。\n</p>\n<p style=\"font-size:16px;font-family:Arial, &quot;color:#333333;background-color:#FFFFFF;\">\n	&emsp;&emsp;会议指出，实现明年预期目标，要坚持稳字当头，坚持宏观政策要稳、微观政策要活、社会政策要托底的政策框架，提高宏观调控的前瞻性、针对性、有效性。坚持问题导向、目标导向、结果导向，在深化供给侧结构性改革上持续用力，确保经济实现量的合理增长和质的稳步提升。\n</p>\n<p style=\"font-size:16px;font-family:Arial, &quot;color:#333333;background-color:#FFFFFF;\">\n	&emsp;&emsp;会议确定，明年要抓好以下重点工作：\n</p>\n<p style=\"font-size:16px;font-family:Arial, &quot;color:#333333;background-color:#FFFFFF;\">\n	&emsp;&emsp;一是坚定不移贯彻新发展理念。新时代抓发展，必须更加突出发展理念，坚定不移贯彻创新、协调、绿色、开放、共享的新发展理念，推动高质量发展。各级党委和政府必须适应我国发展进入新阶段、社会主要矛盾发生变化的必然要求，紧紧扭住新发展理念推动发展，把注意力集中到解决各种不平衡不充分的问题上。要遵循经济社会发展规律，重大政策出台和调整要进行综合影响评估，切实抓好政策落实，坚决杜绝形形色色的形式主义、官僚主义。要把坚持贯彻新发展理念作为检验各级领导干部的一个重要尺度。\n</p>\n<p style=\"font-size:16px;font-family:Arial, &quot;color:#333333;background-color:#FFFFFF;\">\n	&emsp;&emsp;二是坚决打好三大攻坚战。要确保脱贫攻坚任务如期全面完成，集中兵力打好深度贫困歼灭战，严把贫困人口退出关，巩固脱贫成果。要打好污染防治攻坚战，坚持方向不变、力度不减，突出精准治污、科学治污、依法治污。要保持宏观杠杆率基本稳定，压实各方责任。\n</p>\n<p style=\"font-size:16px;font-family:Arial, &quot;color:#333333;background-color:#FFFFFF;\">\n	&emsp;&emsp;三是确保民生特别是困难群众基本生活得到有效保障和改善。要发挥政府作用保基本，注重普惠性、基础性、兜底性。要稳定就业总量，改善就业结构，提升就业质量，突出抓好重点群体就业工作。要深化医疗养老等民生服务领域市场化改革和对内对外开放，增强多层次多样化供给能力。要加大城市困难群众住房保障工作，加强城市更新和存量住房改造提升，大力发展租赁住房。要坚持房子是用来住的、不是用来炒的定位，促进房地产市场平稳健康发展。\n</p>\n<p style=\"font-size:16px;font-family:Arial, &quot;color:#333333;background-color:#FFFFFF;\">\n	&emsp;&emsp;四是继续实施积极的财政政策和稳健的货币政策。积极的财政政策要大力提质增效，更加注重结构调整。稳健的货币政策要灵活适度，保持流动性合理充裕，降低社会融资成本。财政政策、货币政策要协同精准发力，引导资金投向供需共同受益、具有乘数效应的领域。要充分挖掘超大规模市场优势，发挥消费的基础作用和投资的关键作用。\n</p>\n<p style=\"font-size:16px;font-family:Arial, &quot;color:#333333;background-color:#FFFFFF;\">\n	&emsp;&emsp;五是着力推动高质量发展。要坚持巩固、增强、提升、畅通的方针，以创新驱动和改革开放为两个轮子，全面提高经济整体竞争力，加快现代化经济体系建设。要狠抓农业生产保障供给，加快农业供给侧结构性改革，带动农民增收和乡村振兴。要深化科技体制改革，加快科技成果转化应用，提升企业技术创新能力，健全鼓励支持基础研究、原始创新的体制机制。要更多依靠市场机制和现代科技创新推动生产性服务业向专业化和价值链高端延伸，推动生活性服务业向高品质和多样化升级。要着眼国家长远发展，加强战略性、网络型基础设施建设。要加快落实区域发展战略，完善区域政策和空间布局，发挥各地比较优势，构建全国高质量发展的新动力源。要提高中心城市和城市群综合承载能力。\n</p>\n<p style=\"font-size:16px;font-family:Arial, &quot;color:#333333;background-color:#FFFFFF;\">\n	&emsp;&emsp;六是深化经济体制改革。要坚持和完善社会主义基本经济制度，加快建设高标准市场体系。要加快国资国企改革，推动国有资本布局优化调整。要完善产权制度和要素市场化配置，健全支持民营经济发展的法治环境，完善中小企业发展的政策体系。要改革土地计划管理方式，深化财税体制改革，加快金融体制改革。对外开放要继续往更大范围、更宽领域、更深层次的方向走，加强外商投资促进和保护，推动对外贸易稳中提质。要积极参与世贸组织改革，加快多双边自贸协议谈判。\n</p>\n<p style=\"font-size:16px;font-family:Arial, &quot;color:#333333;background-color:#FFFFFF;\">\n	&emsp;&emsp;会议强调，要完善和强化“六稳”举措，健全财政、货币、就业等政策协同和传导落实机制，确保经济运行在合理区间。要巩固和拓展减税降费成效，大力优化财政支出结构，进一步缓解企业融资难融资贵问题，多措并举保持就业形势稳定。要依靠改革优化营商环境，深化简政放权、放管结合、优化服务。要制定实施国有企业改革三年行动方案，提升国资国企改革综合成效，优化民营经济发展环境。要推动实体经济发展，提升制造业水平，发展新兴产业，促进大众创业万众创新。要强化民生导向，推动消费稳定增长，切实增加有效投资，释放国内市场需求潜力。要确保实现脱贫攻坚目标、巩固脱贫成果，毫不放松抓好农业生产，扎实推进乡村振兴。要推进更高水平对外开放，保持对外贸易稳定增长，稳定和扩大利用外资，扎实推进共建“一带一路”。要加强污染防治和生态建设。要扎实做好民生保障工作。\n</p>\n<p style=\"font-size:16px;font-family:Arial, &quot;color:#333333;background-color:#FFFFFF;\">\n	&emsp;&emsp;会议要求，各地区各部门要全面贯彻党的十九届四中全会精神，在推进国家治理体系和治理能力现代化上多下功夫，切实把党领导经济工作的制度优势转化为治理效能。\n</p>\n<p style=\"font-size:16px;font-family:Arial, &quot;color:#333333;background-color:#FFFFFF;\">\n	&emsp;&emsp;会议号召，全党全国要更加紧密地团结在以习近平同志为核心的党中央周围，勠力同心，锐意进取，坚决夺取全面建成小康社会伟大胜利！\n</p>\n<p style=\"font-size:16px;font-family:Arial, &quot;color:#333333;background-color:#FFFFFF;\">\n	&emsp;&emsp;中共中央政治局委员、中央书记处书记，全国人大常委会有关领导同志，国务委员，最高人民法院院长，最高人民检察院检察长，全国政协有关领导同志以及中央军委委员等出席会议。\n</p>', 'e20fd84a-f5ee-4174-a094-02ccafc55ec2.jpg', '2', '8', '156', '0', '1', '1', '0', '2019-12-13 10:10:00', '2019-12-13 10:10:00', null, '0', null, null, '4');
INSERT INTO `cms_article` VALUES ('17', '20年前，小伙花25万买一张无限次机票，如今航空公司求着他退票', '<p style=\"text-align:center;color:#505050;font-family:helvetica;font-size:18px;background-color:#FFFFFF;\">\n	大家通常都以为，有钱人最爱的奢侈品应该就是各种名牌。但有一位小伙子用切身经历高速我们，不是所有的有钱人都喜欢名牌，因为这个小伙花25万美元，只为了买一张“终身无限次”飞机票，这名男子是个叫史蒂夫·罗斯坦的银行家。\n</p>\n<p style=\"text-align:center;color:#505050;font-family:helvetica;font-size:18px;background-color:#FFFFFF;\">\n	<img src=\"https://imgm.gmw.cn/attachement/jpg/site215/20191213/728388957267971593.jpg\" title=\"20年前，小伙花25万买一张无限次机票，如今航空公司求着他退票\" alt=\"20年前，小伙花25万买一张无限次机票，如今航空公司求着他退票\" />\n</p>\n<p style=\"text-align:center;color:#505050;font-family:helvetica;font-size:18px;background-color:#FFFFFF;\">\n	在1987年，美国的一家航空公司曾经以25万美元的价格，售出过一张无限次机票，而买主正是这位银行家史蒂夫·罗斯坦。这位银行家买下的时候，美国航空公司还在窃窃自喜，暗地里嘲笑这个笨蛋，居然真的有人会愿意花大价钱买一张机票。\n</p>\n<p style=\"text-align:center;color:#505050;font-family:helvetica;font-size:18px;background-color:#FFFFFF;\">\n	<img src=\"https://imgm.gmw.cn/attachement/jpg/site215/20191213/552379579027771353.jpg\" title=\"20年前，小伙花25万买一张无限次机票，如今航空公司求着他退票\" alt=\"20年前，小伙花25万买一张无限次机票，如今航空公司求着他退票\" />\n</p>\n<p style=\"text-align:center;color:#505050;font-family:helvetica;font-size:18px;background-color:#FFFFFF;\">\n	一开始的时候，航空公司看他这么个花钱法，还以为碰上了人傻钱多的典型。可20年后事情出现反转，他们就笑不出来了，在这20年的时间里，只要没碰上台风、暴雨之类的恶劣天气，史蒂夫每个周末会准时出现在机场。\n</p>\n<p style=\"text-align:center;color:#505050;font-family:helvetica;font-size:18px;background-color:#FFFFFF;\">\n	<img src=\"https://imgm.gmw.cn/attachement/jpg/site215/20191213/4250648263399161521.jpg\" title=\"20年前，小伙花25万买一张无限次机票，如今航空公司求着他退票\" alt=\"20年前，小伙花25万买一张无限次机票，如今航空公司求着他退票\" />\n</p>\n<p style=\"text-align:center;color:#505050;font-family:helvetica;font-size:18px;background-color:#FFFFFF;\">\n	他坐着当天的航班飞去加拿大，然后在风景优美的湖边欣赏景色，跟当地人聊聊天，还带点土特产，晚上拎着他们飞回家和妻子吃。因为史蒂夫坐飞机的频率太高，他实际上给航空公司带来的成本损耗，比他当初买那张机票的钱多多了。\n</p>\n<p style=\"text-align:center;color:#505050;font-family:helvetica;font-size:18px;background-color:#FFFFFF;\">\n	<img src=\"https://imgm.gmw.cn/attachement/jpg/site215/20191213/4014012727063890511.jpg\" title=\"20年前，小伙花25万买一张无限次机票，如今航空公司求着他退票\" alt=\"20年前，小伙花25万买一张无限次机票，如今航空公司求着他退票\" />\n</p>\n<p style=\"text-align:center;color:#505050;font-family:helvetica;font-size:18px;background-color:#FFFFFF;\">\n	航空公司给他的行程算了一笔账，20多年时间里，史蒂夫坐飞机所用的费用已经远远超了25万美元，竟然达到了2000万。所以真正亏得并不是史蒂夫，而是他们自己。\n</p>\n<p style=\"text-align:center;color:#505050;font-family:helvetica;font-size:18px;background-color:#FFFFFF;\">\n	后来，航空公司曾多次试图，想要回购他手中的无限次的机票，但是都被他拒绝了，相信任何一个人都不会愿意的。这个人还是非常的精明，没想到花了那么少的钱，竟然能够得到那么大的回报。\n</p>\n<p style=\"text-align:center;color:#505050;font-family:helvetica;font-size:18px;background-color:#FFFFFF;\">\n	声明：转载此文是出于传递更多信息之目的。若有来源标注错误或侵犯了您的合法权益，请作者持权属证明与本网联系，我们将及时更正、删除，谢谢。\n</p>', '1e4e7c2e-22c6-426b-a649-72c2f70be67a.jpg', '3', '9', '156', '0', '1', '1', '0', '2019-12-13 10:55:34', '2019-12-13 10:55:34', null, '0', null, null, '7');
INSERT INTO `cms_article` VALUES ('18', '如何破解朋友圈“仅三天可见”', '<p style=\"color:#222222;font-family:&quot;font-size:16px;background-color:#FFFFFF;\">\n	<span style=\"font-weight:700;\">腾讯高级执行副总裁、微信创始人张小龙曾透露一个惊人的数据:朋友圈状态「设置三天可见」的人数超过一亿人，这个看似不起眼的设置开关，在微信里的使用率却最高。</span>\n</p>\n<div class=\"pgc-img\" style=\"margin:0px;padding:0px;color:#222222;font-family:&quot;font-size:16px;background-color:#FFFFFF;\">\n	<img src=\"http://p1.pstatp.com/large/pgc-image/4e06131671be4ae38cdffdc2b3c9aeeb\" alt=\"如何破解朋友圈“仅三天可见”\" />\n</div>\n<p style=\"color:#222222;font-family:&quot;font-size:16px;background-color:#FFFFFF;\">\n	有人打趣，这些剩下没有设置仅三天可见的，要么是不会设置，要么就是微商了。\n</p>\n<p style=\"color:#222222;font-family:&quot;font-size:16px;background-color:#FFFFFF;\">\n	「仅三天可见」目前虽然没有完美的“破解办法”，爆哥在这里给大家提出两个最有效的解决方案，让你查看你「在意」的人，三天之前发送的朋友圈。不妨收藏本文，在关键时刻说不定能派上用场呢。\n</p>\n<p style=\"color:#222222;font-family:&quot;font-size:16px;background-color:#FFFFFF;\">\n	<span style=\"font-weight:700;\">那么如何破解呢？</span>\n</p>\n<p style=\"color:#222222;font-family:&quot;font-size:16px;background-color:#FFFFFF;\">\n	<span style=\"font-weight:700;\"><br />\n</span>\n</p>\n<p style=\"color:#222222;font-family:&quot;font-size:16px;background-color:#FFFFFF;\">\n	目前，微信进入他人朋友圈的方法只有两种：\n</p>\n<p style=\"color:#222222;font-family:&quot;font-size:16px;background-color:#FFFFFF;\">\n	<span style=\"font-weight:700;\"><br />\n</span>\n</p>\n<p style=\"color:#222222;font-family:&quot;font-size:16px;background-color:#FFFFFF;\">\n	<span style=\"font-weight:700;\">1.通过对方的主页，进入朋友圈查看<br />\n</span>\n</p>\n<p style=\"color:#222222;font-family:&quot;font-size:16px;background-color:#FFFFFF;\">\n	<span style=\"font-weight:700;\"><br />\n</span>\n</p>\n<p style=\"color:#222222;font-family:&quot;font-size:16px;background-color:#FFFFFF;\">\n	<span style=\"font-weight:700;\">2.在微信发现界面查看大家的朋友圈</span>\n</p>\n<p style=\"color:#222222;font-family:&quot;font-size:16px;background-color:#FFFFFF;\">\n	实际上，我们所设置的「仅三天可见」，<span style=\"font-weight:700;\">仅对第一种生效。</span>\n</p>\n<p style=\"color:#222222;font-family:&quot;font-size:16px;background-color:#FFFFFF;\">\n	言外之意，即你如果有时间，可以在发现页中的朋友圈一直往下翻，可以查看很久之前的朋友圈，即使这个人已经设置朋友圈「仅三天可见」\n</p>\n<p style=\"color:#222222;font-family:&quot;font-size:16px;background-color:#FFFFFF;\">\n	我们大可屏蔽掉其他好友，这样你的发现页朋友圈中剩下的，就是ta的朋友圈动态，包括那些已经隐藏了的。\n</p>\n<p style=\"color:#222222;font-family:&quot;font-size:16px;background-color:#FFFFFF;\">\n	屏蔽的方法有两种，\n</p>\n<p style=\"color:#222222;font-family:&quot;font-size:16px;background-color:#FFFFFF;\">\n	<span style=\"font-weight:700;\">1.微信-&gt;设置-&gt;隐私 找到不看他（她），无论你有多少好友，批量勾选不用多久就可以屏蔽完成</span>\n</p>\n<p style=\"color:#222222;font-family:&quot;font-size:16px;background-color:#FFFFFF;\">\n	<span style=\"font-weight:700;\"><br />\n</span>\n</p>\n<p style=\"color:#222222;font-family:&quot;font-size:16px;background-color:#FFFFFF;\">\n	<span style=\"font-weight:700;\">2.如果你的好友中有些基本不发朋友圈，真正活跃的总是那几个十几个，你不妨使用这种方法。进入你的发现页朋友圈，选择那些比较活跃的好友，长按ta的头像，点击设置权限-&gt;不看他。爆哥个人更倾向于这种方法。<br />\n</span>\n</p>\n<p style=\"color:#222222;font-family:&quot;font-size:16px;background-color:#FFFFFF;\">\n	“为了一个人放弃世界”的感觉，是不是油然而生？\n</p>\n<p style=\"color:#222222;font-family:&quot;font-size:16px;background-color:#FFFFFF;\">\n	<span style=\"font-weight:700;\">还有一种方法。</span>\n</p>\n<p style=\"color:#222222;font-family:&quot;font-size:16px;background-color:#FFFFFF;\">\n	如果你在某条朋友圈与其发布者进行了互动，在通讯录中找到自己（或者在对话框内点开自己头像），打开朋友圈，点击右上角三个点-&gt;消息列表。只要对方没有删除，即使设置了「仅三天可见」，也可以显示。\n</p>\n<p style=\"color:#222222;font-family:&quot;font-size:16px;background-color:#FFFFFF;\">\n	前提是你们在这条朋友圈下进行了互动。爆哥想，微信是不是故意留下这个后门，努力让我们之间的距离更近一些呢。\n</p>\n<p style=\"color:#222222;font-family:&quot;font-size:16px;background-color:#FFFFFF;\">\n	<span style=\"font-weight:700;\">今后再看到朋友圈，请积极互动或者点个赞吧。毕竟很多关系，不联系也就淡了。</span>\n</p>', '8ef7ab29-553f-4c96-bd49-30c7b985eef2.jpg', '1', '1', '156', '0', '0', '1', '0', '2019-12-16 16:00:12', '2019-12-16 16:00:12', null, '0', null, null, '1');
INSERT INTO `cms_article` VALUES ('19', 'jaack测试', 'jaack测试jaack测试jaack测试jaack测试jaack测试', 'adcf4ad9-470e-4572-ae50-2742444cc67e.jpg', '1', '1', '177', '0', '1', '1', '1', '2019-12-18 09:58:28', '2019-12-18 09:58:28', null, '0', null, null, '1');
INSERT INTO `cms_article` VALUES ('20', '从你的世界路过', '拉拉阿拉阿拉啦啦啦啦啦啦啦', '5a457dc7-4351-408e-b84d-dcb560111259.jpg', '7', '27', '178', '0', '1', '1', '0', '2019-12-23 14:59:08', '2019-12-23 14:59:08', null, '0', null, null, '0');
INSERT INTO `cms_article` VALUES ('21', '狼来了：之小孩三骗村民的', '啦啦啦啦啦啦啦啦所绿多绿发所多付多所', 'ac15f595-26e8-4271-a060-55351d384c2d.jpg', '7', '25', '178', '0', '1', '1', '0', '2019-12-23 15:28:23', '2019-12-23 15:28:23', null, '0', null, null, '3');
INSERT INTO `cms_article` VALUES ('22', '那是发生：2012年的世界', '我问问热热无若翁热无若', '4ea9a49e-0049-49c0-9e30-f574c6b65211.jpg', '1', '1', '178', '0', '1', '1', '0', '2019-12-23 15:29:06', '2019-12-23 15:29:06', null, '0', null, null, '3');
INSERT INTO `cms_article` VALUES ('23', '吧哈哈喽', '乐乐乐乐饿了乐乐乐乐', '45ba65f3-6c6f-4816-adac-27dce82d5283.jpg', '2', '6', '177', '0', '1', '1', '0', '2019-12-24 10:52:12', '2019-12-24 10:52:12', null, '0', null, null, '1');
INSERT INTO `cms_article` VALUES ('24', '发财：想发财就来这我的', '士大夫身份哈哈哈哈哈哈哈哈哈哈或或', '7bcc88b5-d096-4dfa-b1d6-c3216d2c8a34.jpg', '1', '1', '178', '0', '1', '1', '0', '2019-12-25 10:18:56', '2019-12-25 10:18:56', null, '0', null, null, '4');
INSERT INTO `cms_article` VALUES ('31', '个税改革第二年大调查显示： 房贷、房租抵扣个税最实惠', '原标题：个税改革第二年大调查显示： 房贷、房租抵扣个税最实惠 个税改革一周年，工薪族税负明显降低 据国家税务总局统计，2019年前三季度，个人所得税改革新增减税4426亿元，累计人均减税1764元。个人所得税的减少，直接增加了居民收入，提升了居民消费能力。 2019年前三季度，反映居民消费活力的生活服务业销售收入同比增长16.2%，互联网批发和零售销售收入同比增长16.8%，分别高于三产销售增速4.7和5.3个百分点。 2019年是个税改革的第二年，《证券日报》记者在进行专题采访的过程中，不同地区、不同职业的人群代表均谈及了对个税改革的切身感受和相关建议。 华东地区的教育工作者夏女士在接受《证券日报》记者采访时表示，因其个人有房贷，可以抵扣个人所得税，能明显感觉到每月上缴的税变少了，虽然目前无法通过APP查询到个税抵扣的明细账单。夏女士希望相关负责部门今后能加强APP操作的普及教育，让大家能在APP上查询到更详细的个人所得税缴纳信息。 针对夏女士的这项建议，《证券日报》记者从官方渠道获悉，从2020年1月1日开始，网上税务局（包括手机个人所得税APP）推出个人全国四项综合所得的收入纳税明细记录查询功能，纳税人可以及时查询和了解本人的个税缴纳情况，以便为年度汇算做好准备。同时，税务总局正在对信息系统相关功能进行最后验证，待年度汇算期开始，系统将根据一定规则为纳税人提供申报表相关数据的预填服务，帮助纳税人更好、更便捷地完成年度汇算。 如夏女士所言，房贷抵扣个税对有房贷在身的人是个实实在在的实惠。在住房领域，房贷利息抵扣个税、房租抵扣个税重点惠及夹心层群众，可进一步降低房贷压力，效果等同于“全面降息”。 北京市执业律师马先生对《证券日报》记者表示，个税改革在一定程度上减轻了大家的经济负担，特别是在租金抵扣方面，身边的朋友每月大约可节省500元左右的个税，这对普通工薪阶层来说是很有意义的。另外，个人所得税APP操作简便，信息统计也合理。不过也存在不足之处，APP动辄升级，而且不升级就无法载入，这款通常一年才使用一次的APP，这样容易倒逼用户卸载。 《证券日报》记者注意到，2019年12月14日，税务总局起草了《国家税务总局关于办理2019年度个人所得税综合所得汇算清缴事项的公告》（下称《公告》）并征求意见，截至12月26日征求意见结束，累计有937人通过税务总局官网提出各类有效意见998条，其中与年度汇算直接相关的意见897条，主要涉及办理方式、法律责任、退补税、汇算内容、汇算服务、办理时间等方面。国家税务总局共采纳或部分采纳的意见699条，占比78%。 一位长期接触企业的市场人士向《证券日报》记者表示，个税改革对企业的影响并不大，少交的个税是有限的，企业对员工该加薪时依旧会加薪。抵扣项等在一定程度上加大了企业的工作量，而且个人仍需自己再汇算。 国家税务总局所得税司负责人在2019年12月31日答记者问时，也提到了上述扣缴单位财务人员的担忧和顾虑。该负责人表示，《公告》对相关规定作了进一步修改和完善，尽量减轻扣缴单位的负担。 西北地区退休返聘的媒体从业者陈女士对《证券日报》记者表示，目前单位不需要为她缴纳五险一金，税前工资每月8千元左右的她，每月都在按时缴纳个人所得税，并未真正留意过个税抵扣后的实际变化。尽管如此，陈女士还是认为，个税改革对自己的收入肯定是利好。 （原题为《个税改革第二年大调查显示： 房贷、房租抵扣个税最实惠》） (本文来自澎湃新闻，更多原创资讯请下载“澎湃新闻”APP) 返回搜狐，查看更多 责任编辑：', null, null, null, null, null, null, null, null, null, null, null, '0', null, null, '0');
INSERT INTO `cms_article` VALUES ('32', '伊朗国防部：正准备对美军发动下一次打击', '原标题：伊朗国防部：正准备对美军发动下一次打击 【环球网综合报道】据俄罗斯卫星通讯社报道，当地时间8日，伊朗国防部长阿米尔·哈塔米在伊朗国防部网站上发布的声明中称，美国在伊拉克的军事基地的打击可能只是开始。伊朗军队正在准备下一次打击，这将与美国的打击相等。他还称，伊朗给了美国一个大的教训。 据俄卫星社报道，在伊朗高级将领卡西姆·苏莱曼尼被杀后，美国和伊朗的关系恶化达到顶峰。苏莱曼尼是在美国军队导弹袭击巴格达机场中被杀。美国称，苏莱曼尼是组织袭击美国在伊拉克军事基地和袭击美国驻巴格达使馆的幕后指使。 伊朗承诺要对此进行报复。伊朗最高国家安全委员会秘书阿里?沙姆哈尼说，伊朗有13个报复行动，每一个行动都将是一场“噩梦”。 当地时间1月8日凌晨，伊朗军队向美国在伊拉克的2个军事基地发射了地对地导弹。伊朗最高领袖哈梅内伊说，对美国和盟军的袭击很成功。他强调说，现在美国应该完全从该地区撤军。返回搜狐，查看更多 责任编辑：', null, '1', '1', '178', '0', '1', '1', '0', '2019-12-11 09:26:23', null, null, '0', null, null, '4');
INSERT INTO `cms_article` VALUES ('68', '今日头条', '<div class=\"para\" style=\"font-size:14px;color:#333333;font-family:arial, 宋体, sans-serif;background-color:#FFFFFF;\">\n	今日头条是<a target=\"_blank\" href=\"https://baike.baidu.com/item/%E5%8C%97%E4%BA%AC%E5%AD%97%E8%8A%82%E8%B7%B3%E5%8A%A8%E7%A7%91%E6%8A%80%E6%9C%89%E9%99%90%E5%85%AC%E5%8F%B8/18363697\">北京字节跳动科技有限公司</a>开发的一款基于数据挖掘的推荐引擎产品，为用户推荐信息、提供连接人与信息的服务的产品。由<a target=\"_blank\" href=\"https://baike.baidu.com/item/%E5%BC%A0%E4%B8%80%E9%B8%A3/15898544\">张一鸣</a>于2012年3月创建，2012年8月发布第一个版本。<span class=\"sup--normal\" style=\"font-size:12px;line-height:0;vertical-align:baseline;color:#3366CC;\">&nbsp;[1]</span><a name=\"ref_[1]_9438992\"></a>&nbsp;\n</div>\n<div class=\"para\" style=\"font-size:14px;color:#333333;font-family:arial, 宋体, sans-serif;background-color:#FFFFFF;\">\n	2016年9月20日，今日头条宣布投资10亿元用以补贴<a target=\"_blank\" href=\"https://baike.baidu.com/item/%E7%9F%AD%E8%A7%86%E9%A2%91/20596678\">短视频</a>创作。后独立孵化&nbsp;<a target=\"_blank\" href=\"https://baike.baidu.com/item/UGC/66502\">UGC</a>&nbsp;短视频平台<a target=\"_blank\" href=\"https://baike.baidu.com/item/%E7%81%AB%E5%B1%B1%E5%B0%8F%E8%A7%86%E9%A2%91/20383247\">火山小视频</a><span class=\"sup--normal\" style=\"font-size:12px;line-height:0;vertical-align:baseline;color:#3366CC;\">&nbsp;[2]</span><a name=\"ref_[2]_9438992\"></a>&nbsp;&nbsp;。2017年1月，今日头条中国新第一批认证的8组独立音乐人入驻今日头条。2017年2月2日，全资收购美国短视频应用Flipagram。<span class=\"sup--normal\" style=\"font-size:12px;line-height:0;vertical-align:baseline;color:#3366CC;\">&nbsp;[3-4]</span><a name=\"ref_[3-4]_9438992\"></a>&nbsp;\n</div>\n<p style=\"font-size:14px;color:#333333;font-family:arial, 宋体, sans-serif;background-color:#FFFFFF;\">\n	2018年9月29日，针对网络转载版权专项整治中发现的突出版权问题，<a target=\"_blank\" href=\"https://baike.baidu.com/item/%E5%9B%BD%E5%AE%B6%E7%89%88%E6%9D%83%E5%B1%80/1090440\">国家版权局</a>在京约谈了今日头条，要求其进一步提高<a target=\"_blank\" href=\"https://baike.baidu.com/item/%E7%89%88%E6%9D%83%E4%BF%9D%E6%8A%A4/1775777\">版权保护</a>意识，切实加强版权制度建设，全面履行企业<a target=\"_blank\" href=\"https://baike.baidu.com/item/%E4%B8%BB%E4%BD%93%E8%B4%A3%E4%BB%BB/8154345\">主体责任</a>，规范网络转载<a target=\"_blank\" href=\"https://baike.baidu.com/item/%E7%89%88%E6%9D%83/275922\">版权</a>秩序。\n</p>\n<p style=\"font-size:14px;color:#333333;font-family:arial, 宋体, sans-serif;background-color:#FFFFFF;\">\n	<br />\n</p>', 'bbab90cc-0ad3-4078-b98c-78152ce39bc3.jpg', '1', '2', '156', '1', '1', '1', '0', '2020-01-12 09:03:55', '2020-01-12 09:03:55', null, '0', null, null, '0');
INSERT INTO `cms_article` VALUES ('69', '2.12号，中国加油，武汉加油', '2.12号，中国加油，武汉加油2.12号，中国加油，武汉加油2.12号，中国加油，武汉加油2.12号，中国加油，武汉加油2.12号，中国加油，武汉加油2.12号，中国加油，武汉加油2.12号，中国加油，武汉加油2.12号，中国加油，武汉加油2.12号，中国加油，武汉加油2.12号，中国加油，武汉加油2.12号，中国加油，武汉加油2.12号，中国加油，武汉加油2.12号，中国加油，武汉加油2.12号，中国加油，武汉加油2.12号，中国加油，武汉加油2.12号，中国加油，武汉加油2.12号，中国加油，武汉加油2.12号，中国加油，武汉加油2.12号，中国加油，武汉加油2.12号，中国加油，武汉加油2.12号，中国加油，武汉加油2.12号，中国加油，武汉加油2.12号，中国加油，武汉加油2.12号，中国加油，武汉加油2.12号，中国加油，武汉加油2.12号，中国加油，武汉加油2.12号，中国加油，武汉加油2.12号，中国加油，武汉加油2.12号，中国加油，武汉加油2.12号，中国加油，武汉加油2.12号，中国加油，武汉加油2.12号，中国加油，武汉加油2.12号，中国加油，武汉加油2.12号，中国加油，武汉加油2.12号，中国加油，武汉加油2.12号，中国加油，武汉加油2.12号，中国加油，武汉加油', '8260e7f5-57d5-45d0-afad-7459d4846ed6.jpg', '3', '10', '178', '0', '1', '1', '0', '2020-02-12 19:16:22', '2020-02-12 19:16:22', null, '0', null, null, '0');
INSERT INTO `cms_article` VALUES ('70', '中国加油，武汉加油', '中国加油，武汉加油中国加油，武汉加油中国加油，武汉加油中国加油，武汉加油中国加油，武汉加油中国加油，武汉加油中国加油，武汉加油中国加油，武汉加油中国加油，武汉加油中国加油，武汉加油中国加油，武汉加油中国加油，武汉加油中国加油，武汉加油中国加油，武汉加油中国加油，武汉加油中国加油，武汉加油中国加油，武汉加油中国加油，武汉加油中国加油，武汉加油中国加油，武汉加油中国加油，武汉加油中国加油，武汉加油中国加油，武汉加油', 'fb74991e-2f97-4560-89c7-d600a1af4f17.jpg', '2', '4', '178', '0', '1', '1', '0', '2020-02-13 14:07:31', '2020-02-13 14:07:31', null, '0', null, null, '0');
INSERT INTO `cms_article` VALUES ('71', '2020年，中国加油，武汉加油', '2020年，中国加油，武汉加油2020年，中国加油，武汉加油2020年，中国加油，武汉加油2020年，中国加油，武汉加油2020年，中国加油，武汉加油2020年，中国加油，武汉加油2020年，中国加油，武汉加油2020年，中国加油，武汉加油2020年，中国加油，武汉加油2020年，中国加油，武汉加油2020年，中国加油，武汉加油2020年，中国加油，武汉加油2020年，中国加油，武汉加油2020年，中国加油，武汉加油2020年，中国加油，武汉加油2020年，中国加油，武汉加油2020年，中国加油，武汉加油2020年，中国加油，武汉加油2020年，中国加油，武汉加油2020年，中国加油，武汉加油2020年，中国加油，武汉加油2020年，中国加油，武汉加油2020年，中国加油，武汉加油2020年，中国加油，武汉加油2020年，中国加油，武汉加油2020年，中国加油，武汉加油2020年，中国加油，武汉加油2020年，中国加油，武汉加油2020年，中国加油，武汉加油2020年，中国加油，武汉加油2020年，中国加油，武汉加油2020年，中国加油，武汉加油2020年，中国加油，武汉加油2020年，中国加油，武汉加油2020年，中国加油，武汉加油2020年，中国加油，武汉加油2020年，中国加油，武汉加油2020年，中国加油，武汉加油2020年，中国加油，武汉加油2020年，中国加油，武汉加油2020年，中国加油，武汉加油2020年，中国加油，武汉加油2020年，中国加油，武汉加油2020年，中国加油，武汉加油2020年，中国加油，武汉加油2020年，中国加油，武汉加油', '34e17937-230a-49cb-847d-c6c55adfaf12.jpg', '3', '10', '177', '0', '1', '1', '0', '2020-02-13 14:17:57', '2020-02-13 14:17:57', null, '0', null, null, '0');
INSERT INTO `cms_article` VALUES ('72', '2020年，中国加油，武汉加油，团结一心，共渡难关', '2020年，中国加油，武汉加油，团结一心，共渡难关2020年，中国加油，武汉加油，团结一心，共渡难关2020年，中国加油，武汉加油，团结一心，共渡难关2020年，中国加油，武汉加油，团结一心，共渡难关2020年，中国加油，武汉加油，团结一心，共渡难关2020年，中国加油，武汉加油，团结一心，共渡难关2020年，中国加油，武汉加油，团结一心，共渡难关2020年，中国加油，武汉加油，团结一心，共渡难关2020年，中国加油，武汉加油，团结一心，共渡难关2020年，中国加油，武汉加油，团结一心，共渡难关2020年，中国加油，武汉加油，团结一心，共渡难关2020年，中国加油，武汉加油，团结一心，共渡难关2020年，中国加油，武汉加油，团结一心，共渡难关2020年，中国加油，武汉加油，团结一心，共渡难关2020年，中国加油，武汉加油，团结一心，共渡难关', 'd6ea80c6-5503-45c6-add3-368b36ef9be4.jpg', '3', '10', '177', '0', '0', '0', '0', '2020-02-13 14:18:44', '2020-02-13 14:18:44', null, '0', null, null, '0');
INSERT INTO `cms_article` VALUES ('73', '希望2020年，中国加油，武汉加油，团结一心，共渡难关', '2020年，中国加油，武汉加油，团结一心，共渡难关2020年，中国加油，武汉加油，团结一心，共渡难关2020年，中国加油，武汉加油，团结一心，共渡难关2020年，中国加油，武汉加油，团结一心，共渡难关2020年，中国加油，武汉加油，团结一心，共渡难关2020年，中国加油，武汉加油，团结一心，共渡难关2020年，中国加油，武汉加油，团结一心，共渡难关2020年，中国加油，武汉加油，团结一心，共渡难关2020年，中国加油，武汉加油，团结一心，共渡难关2020年，中国加油，武汉加油，团结一心，共渡难关2020年，中国加油，武汉加油，团结一心，共渡难关2020年，中国加油，武汉加油，团结一心，共渡难关2020年，中国加油，武汉加油，团结一心，共渡难关2020年，中国加油，武汉加油，团结一心，共渡难关2020年，中国加油，武汉加油，团结一心，共渡难关2020年，中国加油，武汉加油，团结一心，共渡难关2020年，中国加油，武汉加油，团结一心，共渡难关', 'a3ea7473-03a1-494a-8b91-85836e071f55.jpg', '2', '5', '178', '0', '1', '1', '0', '2020-02-13 15:08:16', '2020-02-13 15:08:16', null, '0', null, null, '0');
INSERT INTO `cms_article` VALUES ('306', '2020年，中国加油，武汉加油，团结一心', '2020年，中国加油，武汉加油，团结一心2020年，中国加油，武汉加油，团结一心2020年，中国加油，武汉加油，团结一心2020年，中国加油，武汉加油，团结一心2020年，中国加油，武汉加油，团结一心2020年，中国加油，武汉加油，团结一心2020年，中国加油，武汉加油，团结一心2020年，中国加油，武汉加油，团结一心2020年，中国加油，武汉加油，团结一心2020年，中国加油，武汉加油，团结一心2020年，中国加油，武汉加油，团结一心2020年，中国加油，武汉加油，团结一心2020年，中国加油，武汉加油，团结一心2020年，中国加油，武汉加油，团结一心2020年，中国加油，武汉加油，团结一心', 'cc8318b5-b932-45cf-b90f-3bec2c401719.jpg', '3', '10', '178', '1', '1', '1', '0', '2020-02-13 16:41:17', '2020-02-13 16:41:17', null, '0', null, null, '0');
INSERT INTO `cms_article` VALUES ('307', '枭雄就服杜月笙，能屈能伸真男人，从一无所有成长为上海滩大佬', '原标题： 枭雄就服杜月笙，能屈能伸真男人，从一无所有成长为上海滩大佬 古代枭雄数不胜数，典型的如曹操，就是一个很纯粹的枭雄；但是在混乱的上海滩，也出现了一个枭雄，这人就是杜月笙；杜月笙早年悲惨，四岁时亲生父母就相继去世，是由继母和舅父带大的，继母和舅父也没管过他，在杜月笙十四岁的时候，就加入了青帮，并拜青帮陈世昌为老头子。 由陈世昌等人的关系，杜月笙进入时为青帮上海龙头的黄金荣公馆。头脑聪明的杜月笙很快就得到了黄金荣的赏识，负责经营法租界的赌场“公兴俱乐部”。后杜月笙纠合同伙，勾结军阀，贩卖鸦片。1925年7月，杜月笙成立“三鑫公司”，垄断法租界鸦片提运。 之后杜月笙在上海滩迅速崛起，在1929年时，杜月笙任公董局华董，这是华人在法租界最高的位置。1929年，杜月笙创办中汇银行，涉足上海金融业。通过结交金融界徐新六、陈光甫、唐寿民等著名人士，他的银行业务颇为兴旺。此时的杜月笙，已经成为上海滩传奇级的大亨了。 但是杜月笙的崛起，也是伴随着累累白骨，充满着血腥；首先，他只是一个黑道的头目，要想真的稳固自己的地位，结交高层政治人物是必然的，这就是所谓的靠山，虽然杜月笙赚了不少钱，可是送出去的数额也绝对不低，这也是杜月笙比黄金荣和张啸林高明的地方。 凭借着这样一张足以操纵政界、工商金融界的关系网，有法租界做靠山，有帮会黑势力垫底，杜月笙在上海滩可谓左右逢源、纵横捭阖，无往不胜。而且杜月笙还曾雇用流氓为上海总工会送锦旗放烟雾、诱骗杀害总工会委员长汪寿华等致使上海总工会80万会员群龙无首，数千工人猝不及防被杀害。 江安号轮船当时的经理叫张延龄，是张啸林的本家侄子，也是杜月笙的门徒。张延龄自恃后台强硬，拒不交船，双方相持不下。王亚樵于是派人乘夜将张啸林住宅的后院墙炸了个大洞，以示警告。王亚樵认为，杜月笙、张啸林虽势力雄厚，但妻妾成群、家财万贯，断无同人以命相拼的勇气。 事情进展果如王亚樵所料，王亚樵再派往数百人，手持利斧，上船逼张延龄交船。张延龄逃进杜月笙府求助，杜月笙害怕招惹王亚樵，请黄金荣出面向王亚樵求情，主动向王亚樵道歉赔罪，并立即交出江安号轮船。 王亚樵收回江安号轮船后，进一步向杜月笙提出平分上海江海轮买办职位的要求，并向杜月笙索要十万大洋，名为索要，实则就是敲诈。杜月笙虽痛心至极，但因惧怕王亚樵，最后还是给了王亚樵十万大洋并让出了部分买办职位。 虽然杜月笙此举看似软弱，让后来很多的人都觉得杜月笙就是个吃软怕硬的人，其实不然，这才是大智慧；王亚樵在当时逞的是匹夫之勇，而且锋芒太露，说的直白点就是有点“犯浑”，杜月笙是什么人？高级流氓，是一个有基业有智慧的流氓，犯得着跟这种迟早要倒霉的人争一时之义气？何况道理本来就在王亚樵一方，放在道上也不占理。 果不其然，王亚樵后来胆子越来越大，终于闯了天大的祸，最终被迫逃亡香港，曾经的一切都成了过眼云烟，该是杜月笙的还是杜月笙的，如果当初火拼，死伤惨重不说，社会影响也不好，说不定自己家人还会受到伤害，这又是何必呢？能屈能伸方为大丈夫，这也是为何后来上海滩三大巨头中，最善终的就是杜月笙了返回搜狐，查看更多 责任编辑：', null, null, null, null, null, null, null, null, null, null, null, '0', null, null, '0');
INSERT INTO `cms_article` VALUES ('308', '12张图解读阿里19Q4财报：五大亮点、四个隐忧', '原标题：12张图解读阿里19Q4财报：五大亮点、四个隐忧 图片来源@全景视觉 文丨表外表里，作者丨周霄，编辑丨Reno，数据支持丨洞见数据研究院 2月13日，阿里巴巴公布了2019年第四季度财报。这份财报确实有许多闪光的地方，但也有一些数据暗示着发展中的隐忧。2020新冠疫情的爆发对或许会放缓电商增速，但又将钉钉和盒马鲜生推上风口，这对阿里来说到底是“危”还是“机”？ 19Q4阿里财报中的五大亮点 亮点一：电商收入增速有所放缓，但仍是营收与利润主心骨 阿里Q4营收逾161亿，巨大体量下收入增速在不断放缓，19Q4同比增长下降至38%。但电商仍是阿里的核心收入来源，其占营收比于这一季度增长至88%，达到近4个季度以来的最高值。此外，虽然其他业务亏损幅度都在不同程度的收窄，但电商仍是其中唯一一项经营利润为正的核心业务，仍是阿里的利润主心骨。 亮点二：云计算EBITA利润亏损进一步收窄 阿里云也是推动营收增长的一大引擎，19Q4其收入同比增长62%，是各项业务中增速最快的。除此之外，其ebita利润亏损幅度也在收窄，从19Q3的亏损5.21亿减至亏损3.56亿。 云业务是一项前期投入很大，但一旦开始步入正轨就规模效应显著的行业。阿里云仍处在高速增长的阶段，随着增长的不断持续，其亏损幅度会进一步收窄。 亮点三：饿了么、优酷近半增速来自集团，阿里内部相互引流 电商板块增长放缓至38%，但其中本地服务和菜鸟物流同比增长有所上升。以饿了么为主的本地消费收入同比增长47%，新增消费者中有48%来自支付宝APP。菜鸟物流收入同比增长攀升至67%，高速增长源于跨境业务的菜鸟履约服务采用率有所提高。 饿了么和菜鸟物流的增长似乎都得益于阿里集团内部的相互引流，和业务互为支撑。除此之外，类似亚马逊会员的88VIP也在努力打通集团内各项业务，其将电商折扣、优酷会员、饿了么红包捆绑在一起，希望在付费墙内各种业务的用户粘度都能够得以提升。大文娱付费率的提升就源于内部引流，其日均付费用户数量同比增长59%，很大程度上得益于88VIP的推广。 亮点四：营销费用同比迅速增长，但总费用率进一步降低 2019年，是电商行业竞争极为激烈的一年，为遏制拼多多的迅速崛起，也为了抢夺更大份额的下沉市场，更多的新用户，阿里的营销费用在这一年中迅速攀升，19Q3同比增长32%、Q4同比增长31%。 然而，即便在竞争中投入了更多的营销费用，其总费用率却在逐季下降。18Q2，总费用率为33%，19Q4已降至21。2%。并且，即便同比增长迅速增加，营销费用率也保持在10%的水平，这说明大额补贴的投入换回了切实的电商收入，营销效率是值得肯定的。 亮点五：经常性净利润攀高，货币化能力进一步提升 受到费用率下降的影响，本季经常性利润达到新高，为333亿元，同比增长了64%。经常性利润率也从去年同期的17%增长到了21%。同时，阿里的电商APRU值也攀至新高，相比拼多多保持一定优势。 19Q4阿里财报的四个隐忧 除以上五个亮点外，阿里19Q4的财报中还表现出一些隐忧： 隐忧一：月活增长放缓，新用户获客成本步步攀高 Q3之前。淘宝用户基数仍大于拼多多，但两者差距越来越小，Q3仅为拼多多的129%。差距缩小的背后，是淘宝活跃用户同比增长幅度的逐渐下降。2018年其活跃用户同比增长在23%左右，19Q1下降至18%，19Q4降至仅12%。 随着活跃用户增长的滞缓，淘宝新用户获客成本达到新高（878元）。19Q1之前，京东新用户获客成本总是大于淘宝，但19Q3淘宝新用户获客成本远高于京东、拼多多，Q4更是增长39%达到新高。 隐忧二：电商业务增速再创新低，双11表现欠佳 活跃用户增速放缓的同时，电商收入增速也降至38%，是11个季度以来的最低值。此外，受到拼多多百亿补贴、京东双十一大促的，电商行业内竞争激烈的影响，淘宝双11GMV同比增速较去年（27%）略微下跌，跌至26%，而这个数据在2017年为39%。 隐忧三：百亿补贴紧跟新冠疫情，烧钱遇上差时辰 为博弈拼多多，阿里在2019年扩大营销费用，双11期间推出亿元补贴。但补贴的目的不在一时，而是希望通过短暂的让利，获得长期的用户粘度，提升留存率。 然而，年终各种大促刚过，新冠疫情就汹涌而来。由于用户居家、快递不发货、小哥不配送等等限制，电商行业必定受到一定程度的影响。疫情过后，亿元补贴在用户心里的热乎劲可能已经不再，留存率或许也不如预期。 隐忧四：大文娱增长缓慢，只烧钱不赚钱 以优酷视频为主的数字化媒体与娱乐业务，其营收增长于19Q2一度跌至6%。Q3得益于88VIP的推出，收入增长攀升至23%，然而Q4又跌至14%，跌幅逾9pct。此外，其经营利润同比增长甚至从19Q1的9%迅速跌至-44%。影视内容行业的高成本投入是有目共睹的 ，优酷视频不断往外烧钱，能赚回来的却越来越少。 疫情之下，对于阿里巴巴的两大猜想 阿里巴巴表示，新冠疫情会对2020Q1 的财务产生直接影响。由于核心电商业务或许会呈现较大幅度的放缓，但除此之外，疫情或许也会是钉钉办公、盒马鲜生的获客及付费拐点。 猜想一：钉钉备受关注，疫情或是2B转角？ 疫情之下，在线办公与线上教育需求激增，钉钉既是老牌企业服务软件，又在全国范围内免费开放了线上教育端口，催化大众认知的同时也将便捷、高效的办公理念植入用户心中，此后出差、请假等多点办公场景中依旧可以实现较高的转化率和留存度，这或许就会是阿里办公从概念走向认知再走向收费的一大拐点。 猜想二：疫情催化盒马鲜生，线上服务付费春天来临？ 疫情的爆发催化了盒马鲜生的增长，有消息称，新冠疫情期间，盒马鲜生的网上订单数量同比激增了220%。由于运力紧张，盒马鲜生甚至“暂调”云海肴和青年餐厅的员工解决人手压力。虽然疫情期间爆发式增长的生鲜订单不会维持太久，但这或许会是盒马鲜生的用户们养成付费习惯的开始。 更多精彩内容，关注钛媒体微信号（ID：taimeiti），或者下载钛媒体App返回搜狐，查看更多 责任编辑：', null, null, null, null, null, null, null, null, null, null, null, '0', null, null, '0');
INSERT INTO `cms_article` VALUES ('309', '12日全国新增确诊病例15152例，累计确诊病例59804例', '原标题：国家卫健委：12日全国新增确诊病例15152例，累计确诊病例59804例 国家卫健委新闻发言人米锋13日下午公布，2月12日0—24时，31个省(自治区、直辖市)和新疆生产建设兵团报告，新增确诊病例15152例(湖北临床诊断病例 13332例)，重症病例减少174例，新增死亡病例254例(湖北242例)，新增疑似病例2807例，新增治愈病例 1171例，解除医学观察的密切接触者 29429人。 截至2月12日24时，据31个省(自治区、直辖市)和新疆生产建设兵团报告，现有确诊病例52526例，重症病例8030例，累计治愈出院病例5911例，累计死亡病例1367例，累计报告确诊病例59804例，现有疑似病例13485例。累计追踪到密切接触者471531人，尚在医学观察的密切接触者181386人返回搜狐，查看更多 责任编辑：', null, null, null, null, null, null, null, null, null, null, null, '0', null, null, '0');
INSERT INTO `cms_article` VALUES ('310', '2.4米长，超1吨重！南美发现史上最大龟壳', '原标题：2.4米长，超1吨重！南美发现史上最大龟壳 海外网2月13日电 美媒12日报道称，刊登在美国期刊《科学进步》上的一篇研究显示，一位名叫埃迪温?卡迪纳的古生物学家在委内瑞拉和哥伦比亚发现了众多龟壳化石，其中包含一块史上最大的龟壳，其长度约2.4米，重约1.1吨。 据美国有线电视新闻网（CNN）报道，这块龟壳属于一种已经灭绝的淡水龟：地纹骇龟，是世界上最大的乌龟种类之一。苏黎世大学古生物研究所和博物馆馆长马塞洛?桑切斯(Marcelo Sanchez)说:“它即使不是最大的，也是最大龟壳之一”。 生物学家卡迪纳此次还发现了这一物种的第一个下颌。“这是我们几十年一直寻找的东西，这有利于进一步了解它们”。该物种在1976年首次被描述，通过这次最新发现，研究人员又有了更多收获。 卡迪纳称，这些地纹骇龟曾经生活在潮湿的沼泽淡水区。“这表明不仅只有海龟才有如此巨大的壳，淡水龟也可能拥有”。此外，研究人员还发现该龟壳在靠近颈部的地方呈巨大的角状，为雄性龟独有，这样的特征有利于它们与其他雄性争斗，保护巨大的头骨。尽管它们体型庞大，但龟壳上留下的巨大咬痕表明，它们也曾受到如凯门鳄等此类巨型食肉动物的威胁。 报道中还提到，地纹骇龟平时会吃各种各样的鱼，还有鳄鱼和蛇等，和现存的近亲亚马逊河乌龟饮食相似，但地纹骇龟的体型比其大一百倍。 虽然目前尚不清楚地纹骇龟究竟是如何灭绝的，但研究人员猜测当安第斯山脉上升并将亚马逊河、奥里诺科河和马格达莱纳河分开时，它们的栖息地遭到了破坏。卡迪纳表示将继续寻找其他龟类化石，去发现了解更多已经灭绝的龟类。（海外网/魏雪巍 实习编译/罗茜）返回搜狐，查看更多 责任编辑：', null, null, null, null, null, null, null, null, null, null, null, '0', null, null, '0');
INSERT INTO `cms_article` VALUES ('311', '2019年12月CPI同比上涨4.5% 猪肉供给紧张状况进一步缓解', '原标题：去年12月CPI涨幅稳定 猪肉供给紧张状况进一步缓解 新京报快讯 据国家统计局网站消息，1月9日，国家统计局发布了2019年12月份全国CPI(居民消费价格指数)和PPI(工业生产者出厂价格指数)数据。对此，国家统计局城市司高级统计师沈赟进行了解读。 一、CPI环比由涨转平，同比涨幅与上月相同 从环比看，CPI由上月上涨0.4%转为持平。其中，食品价格由上月上涨1.8%转为下降0.4%，影响CPI下降约0.08个百分点。食品中，随着生猪生产出现积极变化，中央和地方储备猪肉陆续投放，进口量有所增加，猪肉供给紧张状况进一步缓解，价格由上月上涨3.8%转为下降5.6%，影响CPI下降约0.27个百分点。在猪肉价格下降的影响下，牛肉和羊肉价格涨幅分别由2.8%和1.3%回落至0.1%和0.2%，鸡肉和鸭肉价格分别由上涨4.3%和3.6%转为下降4.9%和1.9%。鸡蛋供应充足，价格下降5.5%，降幅扩大4.8个百分点。受冷空气及大范围降雪影响，鲜菜、鲜果生产和储运成本增加，价格分别上涨10.6%和0.6%。非食品中，受调价影响，液化石油气价格上涨4.0%，汽油和柴油价格均上涨1.4%。 从同比看，CPI上涨4.5%，涨幅与上月相同。其中，食品价格上涨17.4%，涨幅回落1.7个百分点，影响CPI上涨约3.43个百分点。食品中，鲜果价格下降8.0%，降幅扩大1.2个百分点。猪肉价格上涨97.0%，涨幅回落13.2个百分点。牛肉、羊肉、鸡肉、鸭肉和鸡蛋价格涨幅在7.3%—20.4%之间，均有不同程度回落。鲜菜价格上涨10.8%，涨幅有所扩大。非食品中，医疗保健、教育文化和娱乐、衣着价格分别上涨2.1%、1.8%和0.8%，交通和通信价格下降0.7%。扣除食品和能源价格的核心CPI同比上涨1.4%，涨幅与上月相同。 二、PPI环比由降转平，同比降幅收窄 从环比看，PPI由上月下降0.1%转为持平。其中，生产资料价格由上月下降0.2%转为持平;生活资料价格由上涨0.3%转为下降0.2%。主要行业中，涨幅扩大的有石油和天然气开采业，上涨3.8%，比上月扩大3.7个百分点;燃气生产和供应业，上涨2.2%，扩大1.1个百分点。由降转涨的有石油、煤炭及其他燃料加工业，上涨0.7%;黑色金属冶炼和压延加工业，上涨0.4%。非金属矿物制品业上涨0.7%，涨幅回落0.1个百分点。农副食品加工业由涨转降，下降0.5%。煤炭开采和洗选业下降0.8%，降幅扩大0.3个百分点。 从同比看，PPI下降0.5%，降幅比上月收窄0.9个百分点。其中，生产资料价格下降1.2%，降幅收窄1.3个百分点;生活资料价格上涨1.3%，涨幅回落0.3个百分点。主要行业中，涨幅扩大的有黑色金属矿采选业，上涨8.8%，比上月扩大0.5个百分点;有色金属冶炼和压延加工业，上涨1.1%，扩大0.6个百分点。降幅收窄的有化学原料和化学制品制造业，下降5.4%，收窄1.0个百分点;石油、煤炭及其他燃料加工业，下降1.8%，收窄8.1个百分点;黑色金属冶炼和压延加工业，下降0.7%，收窄4.6个百分点。石油和天然气开采业由降转涨，上涨5.8%。煤炭开采和洗选业下降3.6%，降幅扩大0.8个百分点。 编辑 马浩歌 来源：国家统计局网站 原标题：国家统计局城市司高级统计师沈赟解读2019年12月份CPI和PPI数据返回搜狐，查看更多 责任编辑：', null, null, null, null, null, null, null, null, null, null, null, '0', null, null, '0');
INSERT INTO `cms_article` VALUES ('312', '2020年金像奖：易烊千玺太艰难，影后之争周冬雨遇7次提名的她', '原标题：2020年金像奖：易烊千玺太艰难，影后之争周冬雨遇7次提名的她 2月12日，2020年金像奖提名公布，有人欢喜有人愁，紧锣密鼓将要拉开最终帷幕的前奏又让人充满了些许的期待。 这届金像奖可能会成为有史以来第一个线上颁奖的一届，对抗冠状病毒，娱乐圈在行动。 创办于1982年的金像奖是香港地区一个非常重要的奖项，是香港电影人追逐的焦点，距今已经有18年的光辉历史。 对于影视行业台前幕后的从业者来说，这个奖项是至关重要的一个奖项，本次涉及的奖项多达10个，观众最期待的依然是最佳男主角和最佳女主角这两个奖。 1 令人惊喜的是，四字弟弟易烊千玺和周冬雨两人凭借电影《少年的你》分别荣获最佳男主角和最佳女主角的提名。 易烊千玺除了荣获最佳男主角的提名之外，同时也获得了最佳新人演员的提名，第一次主演电影就获得双提名，这对19岁的易烊千玺来说是一个莫大的肯定。 年仅19岁的易烊千玺是有望成为金像奖有史以来最年轻的影帝，他的前途一片光明，未来可期！ 要知道本次跟易烊千玺逐鹿金像奖最佳男主角的人是影坛大前辈古天乐，郭富城还有曾是成家班的成员太保以及香港演员朱柏康。 在为四字弟弟感到高兴和意外的同时，也不由得为他感叹一句，真是太难了。 本次郭富城主演的小成本电影《麦路人》爆冷，也荣获了10项之多的提名。 郭富城去年刚刚凭借电影《无双》斩获华表奖最佳男主角，这次又被提名金像奖最佳男主角。 这对郭天王来说应该是个莫大的惊喜，如果此次成功进击金像奖影帝，郭天王又进阶了一级。 一同提名的古天乐相对来说比较淡定，没有会以平常心对待，但仍然开心。 毕竟能获得提名就是莫大的认可和鼓励，观众的认可和专业的嘉奖是每一个电影从业者共同追逐的目标。 易烊千玺能跟这四位演艺圈的前辈一起出现在最佳男主角的名单上，不管最后最佳男主角这项殊荣能不能落到他的手上，都是一次极大的鼓励。 逐鹿的号角已经吹响，我们还是跟四字弟弟一起静候佳音。 2 跟初次提名的易烊千玺相比，已经摘得过一次金马奖影后的周冬雨相对比较淡定，从《山楂树之恋》初触大荧幕之后，周冬雨的演技实力观众都有目共睹。 这一次被提名金像奖最佳女主角在情理之中，预料之内。 《少年的你》横扫12项提名，由郑秀文主演的电影《花椒之味》紧跟其后，郑秀文也被一同提名最佳女主角。 不过，这已经不是郑秀文第一次被提名金像奖最佳女主角，在此之前，她已经陪跑了七年，这一次遇到周冬雨，当红实力小花跟歌坛天后的角逐，也是看点十足，让人十分期待了。 除了周冬雨之外，跟郑秀文一同竞争最佳女主角的还有邓丽欣和蔡思韵。 这两位女演员都是香港电影圈中近年来的中流砥柱，周冬雨跟易烊千玺一样，以一匹黑马的姿势杀进了“战场”。 作为内地新生代的小生和小花， 两位同时获得“影帝”“影后”的提名实属难得，在如此强大的竞争对手面前，易烊千玺和周冬雨颇有一腔孤勇后生可畏的气势。 郑秀文早在2001年凭借3部作品获得提名，原以为影后是手到擒拿的事，然而最后爆冷，跟最佳女主角失之交臂。 郑秀文是圈内出了名的自律狂魔，也是有名的“拼命三娘”，出唱片，演戏，开演唱会，每一项她都当做人生目标去努力实现。 金像奖的最佳女主角也成为了她的执念，提名7次，陪跑了14年，跟当年的阿SA一样，她在拼了命地想要得到认可。 在感情上面，郑秀文也令人心疼，倾注半生深情的爱人许志安出轨年轻女演员黄心颖一事，对她来说是一个致命的打击。 原本就被抑郁症困扰的她在遭受许志安的感情背叛之后，没有选择堕落而消沉，而是将全部经精力投入到演艺事业上。 所以说，有梦想的女人，为事业努力拼搏的女性永远都是熠熠生辉，闪闪发亮的。 总得来说，本次的金像奖依旧是看点十足，正如网友所说是“神仙打架”也不为过，不管最后最佳男主角和最佳女主角的桂冠花落谁家，都值得庆贺。 每一个被提名的电影都值得鼓励和赞扬，因为他们都在为中国电影的一大步而孜孜不倦的努力。返回搜狐，查看更多 责任编辑：', null, null, null, null, null, null, null, null, null, null, null, '0', null, null, '0');
INSERT INTO `cms_article` VALUES ('313', '2024年GDP总量预测，美国或超25万亿美元，印度不到5万亿，中国呢？', '原标题：2024年GDP总量预测，美国或超25万亿美元，印度不到5万亿，中国呢？ 据国家统计局1月份对外公布的数据显示，经初步核算，2019年我国国内生产总值近百万亿元，稳居世界第二位。据OECD的预测，2019年美国经济有望增长2.4%，GDP总量或将突破21万亿美元，折合人民币约147万亿元。未来，中国会成为世界超级大国吗？ 中国会成为超级大国吗？ 根据IMF预测，我国2020—2024年的实际GDP增速分别为6.1%、6.0%、5.8%、5.6%和5.5%。如果经济按照该速度增长的话，到2024年我国名义GDP总量将达约20.97万亿美元，折合人民币（当前汇率）约144.7万亿元。也就说至少在经济体量方面，现在的美国就是5年后的中国。 但是，经济体量第一并不代表就是NO.1，况且5年之间美国也会发展。想要成为超级大国，必须全方位赶超。 1、人均方面。2019年美国人均GDP高达6.5万美元，中国仅为美国人均的15.85%，或者说美国人均是中国的6.5倍。据有关机构按实际GDP预测，到2024年我国人均GDP在1.32万美元左右，美国为7.6万美元左右，差距仍然很大。 2、能源方面。都说中国地大物博，但其实美国才是名副其实老大。就石油来说，根据美国《油气杂志》在2015年发布的数据，中国石油探明储量34.3亿吨，排名全球第14，美国石油探明储量为54.4亿吨，排名全球第10；美国的稀土储备量约占世界的四分之一，但长期从中国大量进口。此外，在天然气、海洋资源等储备上，美国均位于世界前列。最重要的是，美国的资源利用效率和技术也远超我国。 3、工业与科技方面。中国在家电、铁路、钢铁和电气设备等方面强于美国，而美国在生物技术、半导体、互联网软件、医疗器械、医药等方面有着绝对的优势，这也就是为什么此次针对新冠病毒的药只有美国才能造出来的根本原因。 多强争霸 印度：据OECD预测，2019年印度GDP总量有望超过法国和英国，有望达到或超过2.9万亿美元，2024年预计在4.63万亿美元左右。 德国：德国虽然世界第四，但经济增长疲弱状态一直存在。去年12月德国制造业PMI初值由上月的44.1下滑至43.4，不及预期。据德国国家统计局发布数据，2019年德国经济增速下降到0.6%，名义GDP达到了34359.9亿欧元，折合美元则降至3.85万亿美元，环比2018年的3.95万亿美元还减少了约1000亿美元。 日本：日本经济也受通胀持续低迷、外需疲弱所拖累。去年连续几个季度经济增速持续放缓，因美欧等主要贸易国家的需求放缓，日本出口订单创五个月以来最大降幅。按照OECD的预测，2020年日本经济实际增速有望恢复至1%，GDP总量有望恢复到5万亿美元。 当然，中国与其他发达国家之间还有很多差距，但认识差距比盲目自信要好得多。 如果你觉得文章很棒，对你有帮助，可以关注作者的微信公众号：小白读财经（ID：xiaobaiducaijing），订阅更多的优质原创推文！返回搜狐，查看更多 责任编辑：', null, null, null, null, null, null, null, null, null, null, null, '0', null, null, '0');
INSERT INTO `cms_article` VALUES ('314', '21年首次失去首富宝座，不甘落后的李嘉诚终于出手了！', '原标题：21年首次失去首富宝座，不甘落后的李嘉诚终于出手了！ 来源：投资家网 作者：胡菲菲 2020年2月份最新的消息：近日，知名的美国《福布斯》杂志最新公布了一份香港富豪榜，恒基兆业创办人李兆基以304亿美元（折合人民币约2100亿元）的身家成为香港新的首富，身家同比去年增加了4亿美元。 较排名第2名李嘉诚的294亿美元身家，多出10亿美元。榜单排在后面的还有，周大福的郑家纯以207亿美元的身价排名第三，刘銮雄、吕志和、李文达等人都在榜单中。 在香港经济腾飞的那些年，这群人凭借着才智和勤奋一路扶摇直上，收割了这片土地上绝大多数的财富，把持着绝大多数的资源，在经济上“统治”着香港。 21年首失香港首富宝座 最值得关注的是，这也是近21年以来，李嘉诚第一次跌落香港首富宝座。身家同比去年的317亿美元缩水了23亿美元。就此有网友感慨的评论到：“李嘉诚时代结束了”。 现在这位新香港首富是92岁的李兆基，生于广东顺德，是香港知名的企业家和慈善家。他旗下涉足的业务除了房地产开发，还有百货运营与管理、燃气销售和供水、渡轮、船厂和酒店、餐饮与旅游等等。 虽然与香港一位已故的演员同名，但两者的命运却大不同，经历与李嘉诚也有些不同。 李兆基出生于一个相对富裕的家庭。其父李介甫拥有两家金铺，十几岁时李兆基就被父亲安排进店铺学习做生意。20岁那年他拿着钱，南下香港寻找机会。 上世纪50年代末，李兆基和冯景禧、郭德胜等人组建公司，开启了地产生意。多年以后，自己创办了恒基兆业，从此跻身超级富豪的行列。 在寸土寸金的香港，要源源不断地拿到土地绝非易事。李兆基用独到的眼光和方式来为自己增加土地储备。 他采取的方法是收购旧楼，然后拆建出售。这些旧楼由于绝大部分在市区，故发展潜力十分惊人。业界对李兆基的评价是：谋得透，算得准，做得精。 过去这些年，李兆基背后的恒基兆业与旭辉集团、龙湖地产和碧桂园等优秀的当地房地产开发商合作，在上海、苏州、长沙等城市合作开发住宅。 据悉，该模式提供了良好的平台，不仅利用恒基兆业在地产开发专业知识、品牌和财力方面的实力，同时也能利用当地开发商的低成本结构和较短的建设周期。从而让合作方有能力购置更大的地产，以更低的施工成本和更高的利润率，实现更快地开发。 相爱相杀的“李李家族” 李嘉诚和李兆基两人也是颇有渊源，巧的是两人不仅是同一天出生，而且都是靠房地产起家，祖籍都是广州，还都姓李。 两人也是斗了大半辈子了。 据恒隆地产去年5月的公告，91岁的李兆基正式开始落实退休计划，他担当的职务一次卸任。 李嘉诚2018年决定退休后，就把公司传位给大儿子李泽钜，而李兆基则决定让两个儿子共同接班分管业务。 不过在如何继续公司业务上，李嘉诚是“退而不休”，他甩掉所有职务担任有名无实的公司顾问隐居幕后，而李兆基则是继续担任公司董事。 而这次李嘉诚在首富宝座竞争上首次败北，其实和李嘉诚近年来在英国疯狂投资脱不开干系。 关于李嘉诚家族财富缩水的原因，有分析人士称是受到英国脱欧的拖累，因为此前，李嘉诚几乎是买下了整个英国。 截止到现在，李嘉诚在英国的投资超过4000亿元，现在英国正式脱欧，而这一动作僵持了三年之久，这期间英国局势动荡，很多企业被迫撤出英国，英镑不断缩水，李嘉诚的财富也因此缩水了上千亿。 在过去21年，“李李家族”在激烈的竞争中，赢家都是李嘉诚，不过李兆基在退休后终于超越了自己的老对手。 近年来，由于从2013年的时候开始，李嘉诚就开始不断套现变卖内地和香港的地产项目，不断找“接盘侠”来购买自己拖了多年还未完成的“烂尾工程”。没想到，在顺利从中国市场脱身之后，李嘉诚在英国的投资之路也是屡次不顺。 作为一个商人，李嘉诚是成功的，除了投资之外，他还修建学校，坚持做公益。这次武汉疫情，他也没有坐以待毙。 做公益，不止步 近日，有媒体曝光李嘉诚为支持内地抗击疫情，豪气捐款1亿元港币，折合人民币约9000多万元。 李嘉诚的善款是通过李嘉诚基金会所捐赠的，主要用于捐助身在武汉的前线工作人员，基金会还代李嘉诚老先生表达了对前线医护人员的慰问，传达竭力抗疫的决心。不得不说，李嘉诚出手就知有没有，亿元港币可谓阔气极了，他不愧是曾经的华人首富了。 然而说起李嘉诚捐款一事，就不得不提及关于他的一些舆论声了。有媒体甚至称李嘉诚在武汉狂赚数百亿，却在此次疫情中毫无表示一毛不拔，从而也引发了不少网友议论纷纷。 其实，李嘉诚之所以迟迟未捐款，是因为一直在筹备防疫物资，本想着钱与物资一同捐赠。但是，如今形势紧张，严重缺乏物资，采购这些东西在短时间内难以完成，所以在衡量之下，基金会便先将钱财给捐了出去。 如今的李嘉诚已91岁高龄，即便退休，他的一举一动也备受外界关注。 李嘉诚设立基金会，就是为了将慈善做下去，历年来李嘉诚投入到慈善事业中的善款，足有200多亿元人民币，而这些钱财大多流入内地，以回馈社会，据统计该基金会已帮助到1700多万名病人。 还有一部分善款，李嘉诚将其投入到了教育工作中，他资助的汕头大学，是基金会的主要项目，单是在这个学校，基金会就投入有100亿元人民币，可见李嘉诚也为社会培养了很多人才。 对于李嘉诚而言，基金会是他的第三个儿子，他渐渐年迈，时常吩咐孩子们以及基金会管理者，要好好经营基金会，将善事做下去！ 不得不说，通过这一次疫情，让大家见识到了许多企业家的社会责任感，在国难之际，他们站出来献出一份爱心，让无数人赞叹不已。其中许家印三次捐款数额高达3亿元人民币，杨国强捐款1亿元人民币，赌王家族捐款3000多万元人民币，曹德望捐款1亿元人民币。返回搜狐，查看更多 责任编辑：', null, null, null, null, null, null, null, null, null, null, null, '0', null, null, '0');
INSERT INTO `cms_article` VALUES ('315', '280名美军死伤，白宫如何回击伊朗？特朗普选择忍气吞声！', '原标题：280名美军死伤，白宫如何回击伊朗？特朗普选择忍气吞声！ 伊朗发射弹道导弹 1月8日凌晨，伊朗方面正式对美军发起报复式打击，其向美军驻伊拉克“阿萨德空军基地”发射了15枚弹道导弹。据伊朗电视台报道，此次袭击一共造成80名美军士兵死亡，除此之外还有多达200人受伤，一旦被证实，可以称得上是创造了自海湾战争以来美军单次袭击死亡人数的记录。 美国驻伊拉克阿萨德空军基地 除此之外，伊朗还表示其弹道导弹还摧毁了美军大量的无人机以及作战飞机，并且通过情报部门在特殊的渠道中确认了以上信息。不管伊朗方面的导弹是否造成了如此多士兵的死亡，有一点毫无疑问，那就是伊朗以一个主权国家军队的身份，袭击了美军驻扎在伊拉克的军事基地，这是在伊拉克战争过后就再也没有发生过的事情。 美国总统特朗普 对于奉行霸权主义的美国来说，伊朗的行为已经无法用挑衅来形容，甚至可以称得上主动挑起战争。此前虽然美军基地频频遭遇袭击，但是主谋基本上都是被美国判定为非法武装，对于美国来说面子上过得去，而此次伊朗在和美国的对抗中却选择了主动出击，这让美国颜面扫地，虽然当前特朗普并没有表示具体的行动方案，但是中东地区依然有着山雨欲来的压抑，美国的盟友也一直处于高度紧张中。 伊朗的战争潜力极大 美国如何应对伊朗的打击已经成为了热门的话题，毕竟当前美军虽然在中东地区部署了大量的军力，但是其面对伊朗来说依然远远不够。伊朗的领土比伊拉克大4倍，人口比伊拉克多三倍，其战争潜力要远远超过伊拉克，除此之外伊朗能够生产大批精确引导武器，这一点也远非伊拉克能够相比，而美军在伊拉克战争中整整动用了六艘航母。很显然美军若是此时想动手，鹿死谁手都是未知数。 部署在阿联酋的F35 虽然当前美国并没有和伊朗全面开战的打算，但是其也一直在向中东地区增兵，这其中就包含了有生兵力以及大量的武器装备。比如其在阿联酋就部署了F35战斗机，在乌代德空军基地部署了B52轰炸机以及F15战斗机。当前唯一没有部署到位的就是陆军和海军陆战队了，当前美国并没有向中东地区投送主战坦克。 伊朗种类繁多的弹道导弹 可以说美国虽然无意与伊朗开战，但是其也已经做好了战争的准备，但是伊朗手里有大量让美国忌惮的弹道导弹，这也是美国迟迟不对伊朗动手的主要原因。然而美国当地时间8日上午11时，特朗普在白宫发表讲话：表示美国不会动用军队，自己已经准备好拥抱和平。对于伊朗的导弹袭击，仅仅是施加额外的经济制裁。很明显，特朗普这次选择了忍气吞声。返回搜狐，查看更多 责任编辑：', null, null, null, null, null, null, null, null, null, null, null, '0', null, null, '0');
INSERT INTO `cms_article` VALUES ('316', '2个流程+1个思路，让产品需求策划更清晰', '原标题：2个流程+1个思路，让产品需求策划更清晰 在需求策划前，产品经理需要宏观思考整个产品策划流程，这样既有利于把控策划进度，又能在原型策划阶段微观地按照自己的经验去完善原型细节。与此同时，也要求产品经理有工作优先级的意识，保证个人与产品团队的工作节奏相匹配。 很多产品经理在拿到一个需求后，在具体的原型策划阶段，往往没有从上到下系统的思考，更像是想到哪做到哪，导致后期功能结构混乱、核心的需求场景缺失，如果此前对需求理解不到位，严重时还要返工。 需求版本规划时的需求清单，很多都是一句话需求，甚至对需求方的转译都没能搞清楚。 如果产品人员拿到需求后，不假思索的开始撸原型，不去思考为什么做这些，或者如果不做这些能怎么样，需求有没有更好的替代方案…就会导致需求策划的目标模糊，最终的产出不能满足需求方的痛点，那自己的产出价值可想而知。 根据最近的工作内容和个人在具体进行产品策划时的一些思考，决定对需求策划进行一个比较全面的复盘，再梳理自己工作流程的同时，在流程中的每个阶段都融入一些自己的想法。 一、产品策划流程 整篇复盘用一张图开始，通过这张图明确产品策划的整个流程，以及每个流程阶段的核心思路： 一个通用的、完整的产品策划流程应该分为六个阶段——市场调研、需求立项、业务调研、原型策划、技术开发、测试发布，这里不包括策划完成后的需求验证、数据分析等阶段。 在以上六个阶段中，从需求立项到最后测试发布期间，基本都有优先级规划的思路。 1. 需求立项 对市场调研的需求进行分析和优先级规划，结合战略规划和自身产品定位，方便后续可筛选出高客户价值、高竞争力的需求进行策划。 确定需求到底要不要做，可以通过判断需求价值、可拓展性、实现成本以及项目规划角度去进行优先级排列，也可以使用需求规划的方法模型，如紧急重要四象限、KANO模型等等，核心就是要对需求进行轻重缓急之分； 2. 业务调研 按照规划好的需求优先级，去调研相关的使用场景或业务流程；此时C端产品可对用户进行分析，梳理出某个需求完整的使用场景；B端产品可调研某个需求对应的业务场景以及现有流程的痛点； 调研完成后，很多时候并不一定会在一个迭代版本里解决，通常会把这些需要解决的业务场景再次进行优先级拆分；此时C端产品可优先解决核心体验问题，B端产品可优先处理核心业务场景的核心流程； 3. 原型策划 根据确定的优先级问题和业务场景，对产品功能、框架结构进行层级划分，这里的优先级是指具体策划功能时的先后顺序，通常是先有原型框架，再有信息结构，最后确定页面内容和交互流程细节； 4. 技术开发 产品人员策划完成后交付的需求原型，在技术开发时会通过项目管理来控制需求管道，每次的开发量需匹配实际开发能力，保证产品开发团队可以健康可持续的开发需求，在项目管理时就会对决定要开发的需求进行优先级排序； 5. 测试发布 测试工程师根据产品测试用例，对开发完成的需求点进行测试，通常也是会先测试主流程逻辑，然后是分支流程、异常情况的场景测试，直到测试完成后就可以发布上市。 优先级的思路在日常工作中，多用于任务管理，最明显的优点就是任务条理，可以最大化利用设计和开发资源，以便团队在理解用户需求时可以先准确再精确，通过不断快速迭代，在合理的时间聚焦最有价值的需求点。 当产品团队不再疲于开发一堆目标模糊的功能时，反而团队的开发效率会更高效，因此也往往会产生不错的效果。 二、原型策划流程 既然是复盘产品需求策划，那就应该是以设计-交付为主，最终的产出就是产品原型了。如何高效的设计，交付出符合客户需求的原型，是产品人在原型策划阶段产出最多的内容，那就具体说说原型策划时应该注意的点。 1. 了解产品形态 在动手开始找竞品、撸原型之前，应该先明确将要策划的需求形态。这个需求可以是从0-1的产品，或在现有产品体系上新增的功能，也可以是完全颠覆的功能。不同形态，产品策划的功能量级也不同，具体要看情况。 如果是从0-1的需求，就意味着要经历完整的调研-分析-策划；如果是现有产品新增的功能，就要考虑如何与现有产品定位、框架结构相匹配；当需要策划的需求是完全颠覆的功能形态时，就需要考虑之前的功能是什么样，重新推倒重来的问题和要达到什么目的。 完全颠覆的功能与从0-1不同，更加需要从中挖掘此次策划的需求本质。既然是要颠覆，必然就要比上一版更好，否则产出的原型价值自然不高。 总之，一定要先清晰定位自己将要策划的需求形态，帮助我们在具体策划时更准确的把控需求策划范围，也方便规划版本迭代。 2. 明确要解决的问题 理解需求等同与需求分析，需要分析需求提出的背景、什么条件下提出的以及需求方想要达到什么目的，然后从需求目的倒推需求解决方案，因为客户/用户在提出需求时，通常是根据自己的经历和认知提出他自己认为的解决方案，没有办法像产品经理一样，可以站在产品本身去寻找更合适的方法。 通常在判断用户的需求是否符合产品定位时，C端产品要看是不是目标用户，B端产品要看是不是业务使用者或决策者。 另外，需求分析的方法有很多，也有各种模型，就不在此赘述，但这里强调一下HMW，这个方法用于产品人员思考需求解决方案时的效果比较好，可以从不同方面穷尽自己的想法，尽可能丰富产品设计场景。 3. 确定产品结构 此处的优先级排序，是针对分析当前需求得出的功能点来排序的。 用户调研、业务调研，C端产品可通过用户调研访谈、用户画像以及数据表现来帮助自己确定如何策划功能点；B端产品可直接调研或者还原使用者、决策者的使用场景来识别真正的问题。 这将些点汇总起来形成功能信息，再通过排列优先级确定产品的功能信息结构。 三、原型策划五步骤 这里需要套用一下“用户体验五要素”的思路，方法原本是用于用户在体验产品时可以按照表现层到战略层，从产品最外表一直体验和分析，由外而内直至了解产品或功能想要实现的战略意义。但是换个角度，也可以是产品人员在策划需求时由内而外的思路或者流程。 1. 战略层 通过分析这个需求在产品规划中的战略地位，明确是要提升企业或产品的运营目标，还是只是新增完善功能，又或是打造产品生态，如是否是需要策划一个系统性的功能，便于实现产品形成企业SaaS形态。 2. 范围层 明确需求范围，这个需求是为一个人解决还是为一群人解决，为单一角色还是为整个决策链解决，这里同样也有优先级的取舍；此时通过调研用户和角色确定需求内容，然后对需求进行拆解和规划。 3. 结构层 开始策划产品原型之前，要先确定这个功能的数据结构和产品结构。 以SaaS产品中的绩效系统为例，策划绩效系统前，需要对企业绩效专员等角色进行业务调研，然后根据调研结果来对需求进行结构划分，拆解核心业务流程的功能点以及在业务流程下产生的数据同时根据主流程拆解产品功能。 其中产品结构包括：绩效生成、绩效发布、绩效评定、绩效管理、绩效报告等；数据结构包括：绩效指标、绩效参与人、评定人数据、绩效评定数据、数据统计分析，拆分组合完成后，一个系统的核心功能框架就有了。 4. 框架层 着重对产品结构拆解的框架进行优先级规划，便于产品演进。小的功能可以做完整一些，如果是大的功能就要考虑分期实现，一是考虑实现成本，二是考虑要根据客户反馈来及时进行调整，避免做一堆不准确的需求，无法达到用户痛点。 到达这个阶段，想必已经对直接、间接竞品进行了一定程度的了解，此时再基于功能框架填充内容交互就相对容易了。这个阶段要结合自己本身的产品定位和用户场景，找出差异化的功能点，然后进行策划完善。 这里可以再举个例子：115网盘和百度网盘同时都有文件管理功能，如果是参考对方为竞品增强文件管理功能模块时，就要尽量避免照搬功能交互，因为要考虑不同产品环境下不同用户的使用场景和操作习惯。 5. 表现层 这个阶段最有争议的可能就是，到底是产出高保真还是低保真原型。 毋庸置疑，肯定是原型逻辑越完整，可读性越强，越受团队成员欢迎。一份良好的原型交互图也直接代表了个人的职业程度，而且越初级的产品就应该越要把原型画好。在绘制原型过程中，交互标注越完整，产品逻辑也就越完整，一方面让交付对方理解起来越容易，另一方面还可以节省产品技术之间来回沟通的时间，从而提升工作效率. 很多产品人员觉得原型其实就是传达产品想法而已，只要能表达清楚就没问题，这句话本身思路没啥大毛病，但到底什么程度才是表达清楚？ 交付对象的专业程度、理解能力、开发能力都不一样，如何尽量避免这些因素影响协作效率，就需要产品人员有可持续产出高质量原型图的能力。 作为最终交付的产物，这个阶段反而更加需要注重细节——原型的目录树逻辑要完整，可按照功能流程、总分总结构排列，以便对方可清晰了解产品的框架结构。如果是新增功能，就尽量和原有产品规范吻合，便于引导设计、技术人员开发出符合系统一致性的产品。 至于页面交互方式，个人建议按照页面结构平铺更适合，将每个页面功能点平铺直叙，并做好对应的交互说明。那种便捷的高保真原型制作，可以很方便的制作出适合团队演示的页面跳转，但在实际开发中，不太适合略复杂的产品评审和开发。 原型策划完成后，就需要对原型自审自检。最好有一份自检清单，可以辅助自己对原型规范、逻辑、交互、文案等进行完整自查，最后将一份合格的产品原型交给产品开发团队。养成良好的习惯，慢慢就会获得团队成员的专业认可。 四、最后总结 以上就是个人在做需求策划时，复盘总结的的2个策划流程和1个优先级思路。 在需求策划前，先要宏观思考整个产品策划流程，有利于把控策划进度，然后在原型策划阶段又可以微观的按照自己的经验去完善原型细节，与此同时又要有工作优先级的意识，保证个人与产品团队的工作节奏相匹配。 面对日益多变的社会环境和市场变化，本身很难有明确的、既定的套路，在这个“唯一不变的就是变”的时代，产品经理更需要掌握每个阶段的方法，然后根据不同的产品和需求灵活配置自己的工具箱，多培养自己的可配置项，当遇到了有切实需要的企业客户时，你的技能对于他们就很有可能是兴奋型需求。 本文由 @王曙 原创发布于人人都是产品经理。未经许可，禁止转载 题图来自Unsplash，基于CC0协议返回搜狐，查看更多 责任编辑：', null, null, null, null, null, null, null, null, null, null, null, '0', null, null, '0');
INSERT INTO `cms_article` VALUES ('317', '2月13日主力巨资出逃四大板块(附股)', '原标题：2月13日主力巨资出逃四大板块(附股) 2月13日主力巨资出逃四大板块(附股)|||| 两市个股资金流入前20股 截止14:59:00,沪市累计净流入-142.11亿元,深市累计净流入-185.10亿元,两市累计净流入-327.21亿元 股票名称 股票代码 涨幅 净流入 (万元) ↓累计流入 (万元) 累计流出 (万元) 净流入指标 成交占比 通威股份 600438 10.01% 316667.86 335259.40 18591.53 452.36 88.62% 天齐锂业 002466 9.99% 188775.30 396097.79 207322.49 378.22 30.76% 四方精创 300468 9.99% 90224.78 117783.10 27558.31 1086.23 60.80% 兆易创新 603986 9.00% 83025.16 218826.82 135801.66 92.26 22.70% 士兰微 600460 7.87% 82901.79 204391.30 121489.51 365.65 23.93% 北京君正 300223 10.00% 82361.70 131616.47 49254.77 577.81 44.10% 北大荒 600598 9.86% 67304.74 108346.19 41041.45 320.58 43.55% 台基股份 300046 9.99% 62788.57 83014.86 20226.29 1262.28 60.46% 奥特佳 002239 9.91% 62348.56 100590.23 38241.67 550.89 43.59% 亚光科技 300123 1.59% 61055.77 172988.59 111932.82 687.02 19.89% 卓胜微 300782 10.00% 55774.55 100224.53 44449.98 484.05 37.09% 苏州固锝 002079 10.02% 48865.46 99319.86 50454.40 482.41 31.19% 卫宁健康 300253 4.82% 40488.93 167868.72 127379.78 139.65 13.21% 山东黄金 600547 3.40% 40173.05 133634.21 93461.15 54.19 17.18% 澳洋顺昌 002245 10.02% 38923.78 63031.90 24108.12 775.05 43.56% 捷佳伟创 300724 9.99% 38746.16 66194.34 27448.18 314.72 40.42% 金晶科技 600586 9.84% 36093.54 39412.19 3318.64 754.09 81.93% 厚普股份 300471 10.03% 34588.84 61260.76 26671.92 1000.72 38.40% 天华超净 300390 9.96% 34196.94 57649.18 23452.24 879.59 40.66% 爱康科技 002610 9.80% 31130.53 62358.53 31228.00 422.38 32.86% #JRJ分页符# 两市个股资金流出前20股|||| 两市个股资金流出前20股 截止14:59:00,沪市累计净流入-142.11亿元,深市累计净流入-185.10亿元,两市累计净流入-327.21亿元 股票名称 股票代码 涨幅 净流入 (万元) ↓累计流入 (万元) 累计流出 (万元) 净流入指标 成交占比 中国平安 601318 -0.91% -56658.57 188503.43 245162.00 -6.50 12.62% 鲁抗医药 600789 -8.65% -45561.49 109101.30 154662.79 -421.68 17.04% 中信证券 600030 -1.53% -43062.11 140738.02 183800.13 -19.46 12.86% 中信建投 601066 -3.04% -39801.00 74862.76 114663.76 -143.04 20.37% 博腾股份 300363 -10.00% -39092.85 60026.77 99119.62 -377.61 24.51% 永太科技 002326 -8.93% -39076.67 71738.22 110814.90 -439.33 20.82% 华友钴业 603799 -1.31% -38929.90 219621.14 258551.05 -66.76 8.08% 东方财富 300059 -2.40% -35991.25 109276.04 145267.29 -45.26 13.78% 科大讯飞 002230 -2.29% -35538.63 120971.80 156510.43 -50.01 12.40% 二六三 002467 -7.29% -35299.89 82595.86 117895.75 -388.26 17.26% 格力电器 000651 -1.44% -34915.55 99421.68 134337.23 -9.30 14.46% 拓维信息 002261 -6.25% -33790.21 61952.59 95742.80 -320.55 20.93% 南京证券 601990 -4.09% -33676.50 100157.50 133834.00 -122.31 13.98% 东华软件 002065 -2.23% -33136.43 84113.07 117249.50 -74.89 16.19% 京东方Ａ 000725 -0.84% -31902.67 162598.15 194500.82 -19.96 8.79% 中国卫星 600118 -5.23% -29760.47 121733.09 151493.56 -70.20 10.79% 光环新网 300383 -3.82% -26226.59 90267.33 116493.92 -69.94 12.29% 华力创通 300045 -8.00% -26147.70 60576.15 86723.85 -514.47 17.42% 中兴通讯 000063 -1.10% -25212.01 165176.60 190388.61 -18.29 7.07% 伊利股份 600887 -1.85% -24015.18 59633.67 83648.85 -13.68 16.36% #JRJ分页符# 两市板块净流入排名(表)|||| 两市板块净流入排名(表) 截止14:59:00,沪市累计净流入-142.11亿元,深市累计净流入-185.10亿元,两市累计净流入-327.21亿元 行业名称 涨幅 净流入 (万元) ↓累计流入 (万元) 累计流出 (万元) 净流入指标 成交占比 贡献度最大 房地产业 1.34% 65185.07 860127.52 794942.45 3.61 3.40% 中天金融 采矿业 0.08% 57456.58 881101.77 823645.19 2.23 0.49% 中色股份 农、林、牧、渔业 0.13% 51130.31 576929.47 525799.17 11.50 3.18% 北大荒 居民服务、修理和其他服务业 -1.53% -320.96 791.17 1112.13 -44.54 16.59% 百邦科技 教育 -2.27% -1034.67 40682.12 41716.79 -2.44 11.96% 昂立教育 住宿和餐饮业 -2.13% -6876.99 20670.89 27547.88 -13.92 17.77% ST云网 卫生和社会工作 -1.35% -23807.25 123855.09 147662.34 -8.55 12.39% 金域医学 水利、环境和公共设施管理业 -0.24% -29760.86 295162.97 324923.83 -12.12 6.17% 岭南股份 综合 -1.58% -34323.67 201593.96 235917.62 -29.82 10.55% 江苏吴中 科学研究和技术服务业 -1.16% -59411.16 280158.12 339569.28 -18.76 11.15% 华测检测 #JRJ分页符# 两市板块净流出排名(表)|||| 两市板块净流出排名(表) 截止14:59:00,沪市累计净流入-142.11亿元,深市累计净流入-185.10亿元,两市累计净流入-327.21亿元 行业名称 涨幅 净流入 (万元) ↓累计流入 (万元) 累计流出 (万元) 净流入指标 成交占比 贡献度最大 制造业 -0.65% -1369539.97 25632417.73 27001957.70 -6.13 4.02% 博腾股份 金融业 -0.95% -644707.05 1952139.45 2596846.50 -6.12 15.26% 南京证券 信息传输、软件和信息技术服务业 -1.41% -566759.80 5063659.73 5630419.52 -22.06 8.15% 会畅通讯 批发和零售业 -1.09% -216805.47 943142.27 1159947.74 -19.17 10.89% 海王生物 文化、体育和娱乐业 -2.45% -107584.78 412229.94 519814.72 -23.47 13.80% 世纪天鸿 交通运输、仓储和邮政业 -1.31% -86107.51 494683.06 580790.57 -5.55 6.31% 圆通速递 电力、热力、燃气及水生产和供应业 -0.69% -84135.78 247586.37 331722.15 -5.85 15.62% *ST金山 租赁和商务服务业 -1.87% -81693.80 284286.76 365980.55 -16.96 14.86% 元隆雅图 建筑业 -0.36% -70312.27 349292.93 419605.20 -6.74 9.48% 城地股份 科学研究和技术服务业 -1.16% -59411.16 280158.12 339569.28 -18.76 11.15% 华测检测 #JRJ分页符# 沪市主力大单流入前20股|||| 沪市主力大单流入前20股 实时行情截至:2020-02-13 14:52:16 资金流入流出统计 股票名称 股票代码 收盘价 涨跌幅 大单(万股) 买入净量占流通盘比列 买入 卖出 买卖差 当日 T-1 T-2 一周 通威股份 600438 18.03 10.01% 17282 1016 16266.0 4.1895% 0.379% 0.0050% 4.7825% 金晶科技 600586 3.36 10.16% 10502 921 9581.0 6.7058% 1.87% 1.76% 10.3178% 洛阳钼业 603993 5.02 6.58% 39717 33507 6210.0 0.3515% 0.905% 0.173% 1.6005% 士兰微 600460 17.53 9.43% 9233 4334 4899.0 3.7338% 1.13% 0.061% 5.1848% 北大荒 600598 11.77 9.49% 6469 1946 4523.0 2.5443% 0.104% -0.591% 2.6163% 云天化 600096 5.57 10.08% 3222 348 2874.0 2.175% 0.295% -0.086% 2.271% 光大嘉宝 600622 3.62 10.03% 3185 777 2408.0 1.6057% 0.037% 0.02% 1.5137% 芯能科技 603105 7.42 9.44% 3020 1028 1992.0 6.4612% 0.778% -0.01% 7.2562% 和邦生物 603077 1.56 0.65% 9042 7063 1979.0 0.2241% 0.375% -0.465% 0.0981% 复旦复华 600624 10.64 7.69% 3529 1681 1848.0 2.699% -0.535% -0.466% 0.023% 赤峰黄金 600988 7.19 6.52% 6892 5110 1782.0 1.2493% -0.217% -1.826% 1.7543% 天风证券 601162 6.17 1.65% 7277 5708 1569.0 0.6669% 0.41% -0.176% 1.0709% 保利地产 600048 15.39 3.22% 4078 2604 1474.0 0.1235% -0.016% 0.023% 0.2025% 海正药业 600267 15.56 8.21% 4871 3530 1341.0 1.3889% -0.25% 1.25% -0.9481% 贵研铂业 600459 16.96 9.99% 1733 523 1210.0 2.7644% 0.251% -0.139% 3.3054% 亿晶光电 600537 3.35 9.48% 2989 1803 1186.0 1.0082% 1.046% -0.022% 1.8662% 物产中大 600704 5.57 5.29% 5544 4489 1055.0 0.245% -0.079% 0.461% 1.262% 中国卫通 601698 19.69 7.19% 5384 4427 957.0 2.3925% 7.685% -8.832% 20.7805% 荣华实业 600311 2.94 4.63% 1777 992 785.0 1.1794% -0.108% -0.687% 0.7944% 山东黄金 600547 33.66 3.12% 1326 635 691.0 0.3146% -0.013% -0.071% 0.4106% #JRJ分页符# 深市主力大单流入前20股|||| 深市主力大单流入前20股 实时行情截至:2020-02-13 14:52:15 资金流入流出统计 股票名称 股票代码 收盘价 涨跌幅 大单(万股) 买入净量占流通盘比列 买入 卖出 买卖差 当日 T-1 T-2 一周 爱康科技 002610 1.68 9.8% 35481 17880 17601.0 4.012% 2.851% 0.166% 7.58% 奥特佳 002239 3.66 9.91% 26213 10961 15252.0 4.9323% -1.399% 2.405% 10.8113% 澳洋顺昌 002245 5.49 10.02% 9196 3435 5761.0 6.2978% 0.889% 0.319% 6.5128% 天齐锂业 002466 33.79 9.99% 9934 5279 4655.0 3.1514% 1.654% -0.121% 4.4584% 胜利精密 002426 2.02 9.78% 9621 4995 4626.0 1.6367% 0.013% 0.312% 2.1487% 中天金融 000540 3.07 10.04% 6280 1819 4461.0 0.6412% 0.0060% -0.071% 0.5482% 新朋股份 002328 5.57 10.08% 4742 831 3911.0 7.1041% 0.569% -1.181% 9.1421% 亚光科技 300123 15.33 1.32% 8806 5171 3635.0 6.2866% 2.352% 0.564% 19.2506% TCL科技 000100 5.68 2.34% 32636 29147 3489.0 0.2729% 0.217% -0.256% 0.2259% 雅本化学 300261 5.72 9.37% 8084 4914 3170.0 3.415% 0.538% -0.893% 9.714% 北玻股份 002613 3.15 10.14% 3440 513 2927.0 5.7494% 2.665% -0.059% 8.4934% 嘉麟杰 002486 3.73 10.03% 3639 1127 2512.0 3.0192% -0.119% -4.16% 6.4792% 厚普股份 300471 12.68 9.69% 3256 876 2380.0 8.7587% 1.917% 2.002% 15.8647% 中色股份 000758 5.95 9.98% 6212 3868 2344.0 1.1903% 0.963% -0.212% 2.7973% 天华超净 300390 11.48 9.96% 3724 1417 2307.0 6.8121% 2.17% 5.625% 12.9661% 苏州固锝 002079 13.95 10.02% 5417 3114 2303.0 3.1716% 0.442% 0.102% 4.4596% 台基股份 300046 23.34 9.99% 3152 850 2302.0 10.8014% 4.204% 3.613% 23.5644% 华东科技 000727 1.87 5.65% 5157 2911 2246.0 0.7664% 0.0050% 0.187% 0.9304% 润邦股份 002483 5.74 9.96% 3996 1977 2019.0 3.0079% -0.283% -1.831% 5.3139% 美锦能源 000723 8.14 6.96% 5974 4096 1878.0 0.4974% -0.135% 0.101% 0.4894% #JRJ分页符# 沪市主力大单流出前20股|||| 沪市主力大单流出前20股 实时行情截至:2020-02-13 14:52:17 资金流入流出统计 股票名称 股票代码 收盘价 涨跌幅 大单(万股) 卖出净量占流通盘比列 买入 卖出 买卖差 当日 T-1 T-2 一周 鲁抗医药 600789 12.7 -8.5% 5562 8990 3428.0 4.0229% 6.512% 2.471% 17.3699% 工商银行 601398 5.42 -0.73% 6194 9273 3079.0 0.0114% 0.0020% -0.012% 0.0224% *ST航通 600677 5.57 5.09% 1148 3952 2804.0 6.1787% -0.0% 0.02% 6.2497% 南京证券 601990 13.39 -3.88% 4303 6953 2650.0 1.2858% -0.644% 1.351% 1.1438% 南山铝业 600219 2.12 -1.85% 1785 4068 2283.0 0.2333% -0.048% 0.023% 0.1893% 永泰能源 600157 1.35 -2.17% 2986 5204 2218.0 0.1785% 0.011% -0.079% -0.0885% 哈药股份 600664 4.69 -7.31% 4207 6416 2209.0 0.8811% 0.251% 1.359% 2.3011% 山东钢铁 600022 1.27 -2.31% 813 3013 2200.0 0.201% 0.079% -0.3% -0.081% 农业银行 601288 3.41 -0.58% 3489 5492 2003.0 0.0068% -0.0080% -0.011% -0.0082% 中国银行 601988 3.53 -0.28% 1671 3595 1924.0 0.0091% -0.0030% -0.0% 0.0131% 中国联通 600050 5.35 -1.11% 3173 4986 1813.0 0.0855% -0.033% 0.058% 0.1165% 中国石化 600028 4.71 -0.42% 1892 3677 1785.0 0.0187% -0.0030% 0.0060% 0.0147% 华安证券 600909 6.96 -3.2% 3909 5690 1781.0 0.4919% -1.15% 0.142% -0.6451% 中信证券 600030 22.58 -1.4% 3460 5223 1763.0 0.1796% -0.069% 0.064% 0.1596% 江苏吴中 600200 10.58 -6.87% 2807 4506 1699.0 2.3904% 4.826% 3.115% -3.3106% 京沪高铁 601816 7.46 -2.23% 7986 9652 1666.0 0.6397% -0.371% 1.713% 2.1257% 鹏博士 600804 6.5 -6.47% 3846 5462 1616.0 1.1282% -1.711% 0.214% -2.7768% *ST信威 600485 2.07 -5.05% 5162 6694 1532.0 0.8084% -0.198% -1.842% 0.7344% 杭萧钢构 600477 3.93 -3.2% 1755 3265 1510.0 0.7012% -0.319% -0.98% -0.9568% 浙商银行 601916 4.22 -1.17% 528 1960 1432.0 0.6926% -0.0090% -0.664% 1.0346% #JRJ分页符# 深市主力大单流出前20股|||| 深市主力大单流出前20股 实时行情截至:2020-02-13 14:52:15 资金流入流出统计 股票名称 股票代码 收盘价 涨跌幅 大单(万股) 卖出净量占流通盘比列 买入 卖出 买卖差 当日 T-1 T-2 一周 京东方Ａ 000725 4.72 -0.84% 32739 39643 6904.0 0.2039% 0.116% -0.066% 0.0679% 二六三 002467 7.92 -6.82% 6813 11919 5106.0 4.4255% -0.185% 8.795% -0.8405% 海王生物 000078 5.4 -8.16% 7030 10631 3601.0 1.3734% 1.135% 2.443% 5.3734% 分众传媒 002027 5.52 -2.99% 5177 7983 2806.0 0.1912% 0.037% -0.131% 0.1272% 拓维信息 002261 11.96 -6.49% 2605 5378 2773.0 3.1541% -3.681% 1.793% 1.5701% 二三四五 002195 3.02 -1.63% 3015 5779 2764.0 0.4882% -0.409% 0.387% 0.0372% 东方财富 300059 14.67 -2.13% 4551 7231 2680.0 0.4931% -0.378% 0.301% 0.7751% 永太科技 002326 13.4 -8.66% 2693 5362 2669.0 4.009% 8.022% 0.676% 8.174% 格林美 002340 6.24 -3.26% 9771 12272 2501.0 0.6063% -1.272% 0.525% 0.4823% 金科文化 300459 4.53 -2.79% 4993 7490 2497.0 1.1006% -0.287% 0.112% -4.8224% 红日药业 300026 4.82 -1.83% 4420 6713 2293.0 0.9422% 0.754% 1.097% 2.0332% 四环生物 000518 6.04 -9.85% 2823 5041 2218.0 2.1544% 3.21% 0.665% 5.6704% 东华软件 002065 15.8 -1.99% 2875 5037 2162.0 0.7701% -0.853% -0.115% -0.1749% 联络互动 002280 3.11 -2.51% 2650 4467 1817.0 1.0306% -0.268% 1.757% 4.7346% 华力创通 300045 12.21 -8.68% 2800 4554 1754.0 4.2448% -5.515% -7.427% -13.3662% 勤上股份 002638 3.18 -6.74% 796 2508 1712.0 1.7481% 1.844% -3.785% -2.8669% 泰达股份 000652 8.3 -5.68% 12414 14034 1620.0 1.099% 6.238% -7.925% -1.278% 东旭光电 000413 2.9 -1.69% 3073 4672 1599.0 0.3287% -0.02% 0.514% 0.1667% 坚瑞沃能 300116 1.78 -2.73% 1609 3023 1414.0 0.718% -0.668% -0.192% -0.208% 中国广核 003816 3.26 -1.21% 391 1800 1409.0 0.6882% 0.081% -0.147% 0.7162% #JRJ分页符# 沪市主力控盘个股一览(表)|||| 沪市主力控盘个股一览(表) 实时行情截至:2020-02-13 14:52:13 振幅排名 股票名称 股票代码 收盘价 涨跌幅 振幅 换手率 当日 3日 5日 N映翰通 688080 139.9 4.79% 114.9475% 38.3158% 22.9895% 0.16% 山石网科 688030 64.11 18.13% 21.3306% 7.1102% 4.2661% 0.07% 优刻得 688158 114.31 0.5% 20.384% 6.7947% 4.0768% 0.03% 普元信息 688118 57.0 11.0% 19.1853% 6.3951% 3.8371% 0.08% 锦泓集团 603518 7.78 -5.7% 17.4667% 5.8222% 3.4933% 14.44% 江苏北人 688218 37.1 10.98% 17.284% 5.7613% 3.4568% 0.08% 有方科技 688159 68.96 10.69% 16.4285% 5.4762% 3.2857% 0.07% 威胜信息 688100 36.99 9.15% 15.4799% 5.16% 3.096% 0.03% 联瑞新材 688300 56.6 8.22% 14.9802% 4.9934% 2.996% 0.03% 上海沪工 603131 22.88 -0.04% 14.8006% 4.9335% 2.9601% 34.27% 热景生物 688068 75.4 7.21% 14.7785% 4.9262% 2.9557% 0.07% 中微公司 688012 215.59 4.86% 14.6667% 4.8889% 2.9333% 0.01% 中国卫通 601698 19.69 7.19% 14.1317% 4.7106% 2.8263% 36.13% 海正药业 600267 15.56 8.21% 13.9777% 4.6592% 2.7955% 14.05% 南方传媒 601900 13.01 -7.27% 13.9608% 4.6536% 2.7922% 4.02% 虹软科技 688088 99.99 0.18% 13.9241% 4.6414% 2.7848% 0.01% 武汉控股 600168 7.93 6.59% 13.7748% 4.5916% 2.755% 5.62% 振德医疗 603301 37.95 -7.1% 13.6386% 4.5462% 2.7277% 33.7% 宏昌电子 603002 4.67 5.66% 13.4293% 4.4764% 2.6859% 4.87% 新泉股份 603179 22.44 -2.69% 13.2864% 4.4288% 2.6573% 5.16% #JRJ分页符# 深市主力控盘个股一览(表)|||| 深市主力控盘个股一览(表) 实时行情截至:2020-02-13 14:52:15 振幅排名 股票名称 股票代码 收盘价 涨跌幅 振幅 换手率 当日 3日 5日 深康佳Ａ 000016 8.33 -5.45% 17.3533% 5.7844% 3.4707% 28.3% 三五互联 300051 14.0 -2.23% 16.9739% 5.658% 3.3948% 57.7% 润邦股份 002483 5.74 9.96% 16.8959% 5.632% 3.3792% 14.6% 世纪天鸿 300654 21.01 -8.65% 15.7341% 5.2447% 3.1468% 56.63% 英科医疗 300677 34.45 2.96% 15.3189% 5.1063% 3.0638% 8.23% 焦点科技 002315 27.5 0.99% 15.1752% 5.0584% 3.035% 16.69% 旋极信息 300324 9.42 7.41% 15.0538% 5.0179% 3.0108% 12.04% 大北农 002385 7.18 1.56% 14.93% 4.9767% 2.986% 19.6% 福安药业 300194 6.08 4.65% 14.3836% 4.7945% 2.8767% 7.52% 奥特佳 002239 3.66 9.91% 14.1956% 4.7319% 2.8391% 12.6% 模塑科技 000700 14.27 5.08% 14.1945% 4.7315% 2.8389% 29.54% 雪浪环境 300385 12.85 10.02% 14.1874% 4.7291% 2.8375% 10.0% 云南锗业 002428 11.95 5.01% 13.9276% 4.6425% 2.7855% 14.79% 方直科技 300235 23.22 -3.61% 13.8356% 4.6119% 2.7671% 37.38% 嘉麟杰 002486 3.73 10.03% 13.7313% 4.5771% 2.7463% 8.56% 科陆电子 002121 3.99 6.97% 13.4286% 4.4762% 2.6857% 3.84% 金河生物 002688 7.88 8.69% 13.3242% 4.4414% 2.6648% 7.36% 海南海药 000566 8.59 9.99% 13.259% 4.4197% 2.6518% 7.02% 兴源环境 300266 4.17 4.51% 13.1841% 4.3947% 2.6368% 7.78% 乾照光电 300102 4.53 4.86% 13.1068% 4.3689% 2.6214% 3.6% #JRJ分页符# 当日板块资金龙虎榜(附股)|||| 当日板块资金龙虎榜(附股) 实时行情截至:2020-02-13 15:00:00 当日板块龙虎榜板块名称 涨跌幅 资金流入(万元) 贡献最大个股 个股涨跌幅 个股涨跌比 医疗废物处理 5.7% 12533.12 侨银环保 9.97% 9:9 草地贪夜蛾防治 5.45% 32306.32 长青股份 10.0% 6:6 新股 3.01% -54030.94 瑞芯微 10.03% 13:22 磷化工 2.86% 21925.15 六国化工 10.09% 8:11 无人船 2.58% 12037.9 星网宇达 9.32% 1:2 草甘膦 2.46% 15385.01 长青股份 10.0% 9:15 农村电商 2.04% 124827.61 通威股份 10.01% 16:27 集成电路 1.92% 314238.3 大港股份 10.03% 43:67 智慧农业 1.83% 131411.85 通威股份 10.01% 17:29 农垦改革 1.8% 53135.66 北大荒 9.86% 6:8 生态农业 1.45% -61527.16 诺 普 信 8.14% 15:24 乡村振兴 1.24% 66763.33 北大荒 9.86% 5:9 航天 1.22% -27948.98 耐威科技 10.0% 6:12 垃圾分类 1.15% 15583.02 雪浪环境 10.02% 5:11 中国电子集团 1.05% -23407.11 华东科技 5.65% 5:11 黄金珠宝 0.96% 73428.63 赤峰黄金 7.56% 21:37 国产芯片 0.95% 256294.38 大港股份 10.03% 64:113 燃料电池 0.94% 6750.61 贵研铂业 9.99% 6:16 锑 0.86% 2571.78 湖南黄金 4.36% 4:5 转基因 0.86% -69760.45 登海种业 3.4% 10:13 来源:金融界网站返回搜狐，查看更多 责任编辑：', null, null, null, null, null, null, null, null, null, null, null, '0', null, null, '0');
INSERT INTO `cms_article` VALUES ('318', '2枚火箭弹落入美驻伊拉克大使馆附近 暂无人员伤亡', '原标题：2枚火箭弹落入美驻伊拉克大使馆附近 暂无人员伤亡 战争边缘？伊拉克首都发生爆炸 多枚火箭弹射向美国使馆 中新网1月9日电 综合报道，当地时间8日，伊拉克安全机关新闻处发布消息称，2枚火箭弹落入巴格达绿区，未造成人员伤亡。据报道，政府机构和包括美国使馆在内的许多大使馆位于此地。 此前，伊拉克安全机关消息人士称，有火箭弹落入绿区。迈亚丁电视台报道称，该区包括在美国大使馆附近可听到空袭警报信号。 伊拉克安全机关新闻处在社交媒体上称，“2枚喀秋莎火箭弹落入绿区，无人死亡。” 另据报道，8日晚，法新社记者听到绿区传出2次爆炸巨响，接着又响起警报声。 路透社援引消息人士的话表示，火箭弹落在离美国大使馆约100米处，引发火势，但未造成伤亡。返回搜狐，查看更多 责任编辑：', null, null, null, null, null, null, null, null, null, null, null, '0', null, null, '0');
INSERT INTO `cms_article` VALUES ('319', '33年第一次！受新冠疫情影响，MWC世界移动通信大会正式取消', '原标题：33年第一次！受新冠疫情影响，MWC世界移动通信大会正式取消 今天凌晨，GSMA（全球移动通信系统协会）CEO约翰·霍夫曼（John Hoffman）在官网发布声明，协会将取消原定将于2月24日在巴塞罗那举行的WMC世界移动通信大会，这将是MWC自1987年开始举办至今，33年来首次取消。 点击添加图片描述（最多60个字） 世界移动通信大会MWC（Mobile World Congress），是全世界电信行业和智能手机产业最重要的展会，每年春季在西班牙的巴塞罗那举行，2019年，WMC巴塞罗那展就吸引了2400家参展商和赞助商，7900位公司CEO，以及超过10.9万名参观者。 今年受新冠疫情影响，多家知名公司和企业包括LG、爱立信、亚马逊、英特尔、索尼等都已经宣布退出参展，即便协会此前已经采取了诸如体温检测、提供健康证明、减少参会者接触等方式来尽可能减少传染风险，但这仍然没法打消与会者的忧虑，最后GSMA才正式宣布取消展会。 点击添加图片描述（最多60个字） 虽然展会取消实在遗憾，不过健康仍然是我们的最大本钱，而今年6月份MWC将会来到上海，希望在那之前疫情能彻底消散，我们再大饱眼福。返回搜狐，查看更多 责任编辑：', null, null, null, null, null, null, null, null, null, null, null, '0', null, null, '0');
INSERT INTO `cms_article` VALUES ('320', '36氪暖冬计划丨三节课旗下TeamMark帮助企业开启远程协同', '原标题：36氪暖冬计划丨三节课旗下TeamMark帮助企业开启远程协同 肺炎疫情下，如何高效在家办公？来看看这份实用指南 随着疫情的加重，1月27日，国家和各省市都出台相关政策，推迟开工和开学的时间。 各企业也纷纷响应，大多将复工时间延迟到10日，开启“在家办公”模式。 相信很多人都能感受到，我们正经历着一场不大不小的社会危机，处于一个有点危险的不确定时期中。 并且，这个时期接下来将会持续多久，疫情何时结束，会如何演变，也都充满未知。 对抗这种“不确定性”，无论是个人还是组织，我们能做的，就是 —— 与不确定性共舞，在不确定的世界中不断应对变化，用“理性的专业主义”建立秩序，找寻和创造属于自己的确定性。 对于个人而言，是合理储备充足的物资，并规划好自己的工作节奏，迅速找到积极的状态，提升竞争力，以防遭遇职场寒冬； 对于组织而言，则是快速建立起高效的远程办公机制，制定合理的计划，将业务转移到线上，应对接下来的挑战。 那么，组织和个人，应当如何做，才能真正做到高效“在家办公”，共同应对眼下的危机呢？ 针对这个话题，三节课为大家邀请到了三位老师分享自己的经验。 他们分别从公司高层管理、各级中层管理者和员工3个角度，为大家总结了一份详细指南，这可能是目前市面上最全的一份远程办公指南。 这份指南，同样是三节课在2年的远程协同实践中，总结出来的实战经验，相信会对你有帮助。 公司高层管理该如何做 1.提前确认方案 对于公司管理层来说，远程协同最重要的是提早确定方案，制定类似《临时员工工作手册》一样的规则。 这样既能让员工有章可循，也能让管理者有抓手。没有规则的远程协同，将非常挑战管理者能力。 需要制定哪些规则呢？如下图： 需要注意的是，一定要明确分开工作时间和私人时间，不要掺杂在一起，导致员工工作和休息的质量都无法保证，反而影响到整体效率。 下图就是1月31日，三节课制定的远程协作方案的一部分。 2.制定工作计划 第二个动作是制定计划，特殊时期，更要区分出公司的战略优先级，制定出特殊时期的目标，既是给公司全员一颗定心丸，也能提高管理的效率。 同时也要确定远程协作的岗位，与人力资源确立是否需要调整补充岗位缺口，比如可以把较为空闲的岗位调整至更忙碌的业务线。 3.拆解任务指标 为了确保信息在传递的过程中不走样，必须清晰定义出问题并拆解任务，使其符合SMART法则，再落实到具体的人。 4.选择合适的协同工具 选择协同工具的时候，需要考虑短期过渡和长期使用。在疫情过去后，如果协同工具和协同模式继续可以使用，那对团队战斗力的提升是更长期的。 选择什么样的工具更为合适呢?这里我们提供一些原则和具体的工作参考： 需要注意的是，管理才是根本，工具只是辅助，并且，没有任何一款工作能解决所有问题，选择后坚持使用即可。 5.举办开工仪式 想要取得远程办公的好结果，“开工仪式”、“组织纪律”和“家庭办公环境”是三个重要的基础因素。 有仪式感的开工能让大家的状态回到工作模式；好的组织结构和纪律要求能让工作效率保证最大化；员工家庭环境则是员工时间管理、任务管理的基础。 在线开工可以有一些创新，比如在线开工利是、员工晒出自己家庭的办公环境、语音宣言相互鼓励都是很好的开工玩法，既符合在线环境，又不乏仪式感。 中层管理者该怎么做？ 1.拆任务、做协调、看进度 远程协同容易失焦，先定计划和目标有助于聚焦。 与高层管理者相比，中层管理者的“拆任务”有一点不同，不仅仅要拆解指标，更重要的是要变成更具体的工作，分配给基层员工。 周计划是必须要做好的事情，拆解好周计划才能让团队每个人真正的有目标和任务。有可能的话，日计划也是需要的，比如销售团队，日计划和日汇总也是很好的管理手段。 让员工养成每日从“我的工作任务”开始工作，而不是IM开始，先组织自己的工作重点和todo，然后才是IM上沟通。 沟通协调的过程也很重要，中层管理者需要及时关注到具体员工的需求，做好员工关怀才能够提升团队的战斗力，特别是在特殊时期； 远程办公时决策过程更为复杂，中层管理者必须及时沟通，合理调配资源，并且确定授权的范围，避免员工因为独立盲目决策而造成的损失。 看进度是指管理进度，不断优化远程协作的工作流程。 且在非常时期，远程协同环境下，事情的优先级可能需要调整。授权和汇报流程也要重新调整，对流程中的“瓶颈员工”给予更多关注和辅导。 2.建立关键信息唯一通道 建立关键信息唯一通道，就是不要让信息交叉、多渠道释放，避免信息爆炸。建立关键任务唯一负责人制度，不要让一个事情多人负责，也不要让一个事情多头管理。 团队内经常用的东西，要放到统一的地方，比如，工作流程、岗位说明、SOP文档、各种制度，更新完要迅速同步给受影响的人。 3.处理好信息流和工作流的关系 对于管理者来说，在线协同，一定要处理好信息流、工作流的关系。 不要在钉钉/企业微信里长篇讨论工作，也不要在钉钉/企业微信里开会，要把会议和工作讨论放到特定场景里讨论。 以下就是我们针对不同工具，制定的简单规则： 协同不等于用IM聊天，更重要的是把关键信息沉淀下来，避免信息爆炸。我们会把工作流信息都汇总到自己的工具 —— TeamMark上，同时打通企业微信/钉钉。 4.如何开远程站会？ 远程站会也是一个很好的管理手段，能够增强团队的成就感。每天用10-15分钟开一个远程站会能让大家每天的工作目标变得更加明确，在家办公的状态也更容易开启。 5.如何开远程项目讨论会？ 切记不要碎片化讨论，更不要碎片化开会。视频会议和电话会议要有准备、有结论、有沉淀总结。 下图就是我们会议记录的一个例子： 6.如何建立反馈机制？ 远程协作，相互反馈很重要，无论是Leader还是同事之间。可以通过建立周报机制，来相互反馈，远程协作，作为Leader则要更重视员工的思考。 周报也是一个能够push大家复盘工作、快速成长的好方法。 员工该怎么做 1.做好时间管理 准时起床准时上班，正式着装按照工作状态要求自己快速投入。在执行之前，先和上级确认好事情的优先级；执行之中，可以自己记录任务时长，方便预估时间安排，也方便团队check进度； 另外，也要清晰地区分好工作和休息时间。不要工作一会就想躺下来睡一会，或者去弄点零食吃，这样完全无法保持专注。下班之后，你就可以离开工作区域，告诉自己，我下班了，换回家居服。 2.创造良好的在家办公环境 在工作执行中，员工应该有自己独立的办公空间，如果没有独立的房间，也要区隔出独立的办公台，要规避在床上办公和穿睡衣办公的状态。 换上正式的服装，和同事们视频会议开始一天，这是一种仪式感，能够帮助你快速开启工作状态，提高协作效率。 另外也要和家人达成共识，让家人互相配合，不要随意影响自己的正常工作。如果实在没办法避免家里的“熊孩子”，就锁上门，戴上降噪耳机，确保自己的精神处在工作状态。 3.主动汇报进度 员工可以积极配合组织建立的站立会、日报和周报制度，不要总是等着上层来过问，真正做到凡事有交代, 事事有回音。 一旦管理者因为信息传达不及时，误会你在划水摸鱼，就会严重损害到团队之间的信任度。 以上，就是我们分别从公司高层管理者、各级中层管理者和员工个人3个角度，给出的远程办公建议。 2020年，可能注定不会太容易，身处漩涡中的我们，无论是企业还是个人，都必须共克时坚。 每一次大环境的危机，既会摧垮很多人，也同时孕育着一些机会，会让另一些人脱颖而出，变得更加强大，比如非典之于京东和淘宝 —— 当然，前提是你已经做好了准备。 我们要相信，强悍者的强悍，往往在于别人都在瑟瑟发抖、不知所措的时候，他们会理性而敏锐地思考和捕捉各种转瞬即逝的机会，一旦抓住，就会毫不犹豫冲上前去迅速占有它。 祝我们彼此都能更有勇气，把危机变为转机。 最后，三节课也希望能够尽绵薄之力，帮助部分企业解决远程协同的问题。 权益说明： 远程协同，共克时艰——用1000万人民币帮助受疫情影响的公司开启远程协同模式 活动内容： 三节课将帮助200家公司接入TeamMark的产品部署，并进行后续交付服务，帮助受疫情影响的公司更好远程协同办公，共克时艰。 参与规则与说明： 1、申请期限：即日起——2020年5月1日； 2、使用价格：教育公司免费使用一年（湖北地区教育公司、学校免费使用两年），到期后可以续费使用，也可以导出内容自行保存。非教育公司半价使用； 3、使用名额：200个； 服务内容： 暖冬计划期间，三节课将提供（包括但不限于）以下支持： 1、TeamMark全部现有功能； 2、TeamMark未来一年内上线的SaaS版新功能； 3、每个企业100G云存储空间； 4、完整的客户服务； 5、7x12小时咨询服务； 我们对于申请企业的要求： 50人以上的企业、有远程协同办公的环境和条件、已经开始使用钉钉或企业微信作为企业通讯工具。 并且，因为我们的交付能力和资源有限，我们也希望能够真正帮助到一些有需求的同行，因此，希望申请的你是认真的，而不是仅仅只是抱着“随便了解一下”的心态，随意提交一份申请。 若你正好是企业的管理者或从业者，你所在的公司也正好有类似需求，欢迎点击链接填写表单 企业帮助企业 创新帮助创新 战“疫”之下，暖冬计划，期待需要帮扶的中小企业或有能力帮扶的大企业的加入。返回搜狐，查看更多 责任编辑：', null, null, null, null, null, null, null, null, null, null, null, '0', null, null, '0');
INSERT INTO `cms_article` VALUES ('321', '36氪首发在线设计云平台「爱设计」获数百万元天使轮融资，切入远程办公行业', '原标题：36氪首发|在线设计云平台「爱设计」获数百万元天使轮融资，切入远程办公行业 36氪获悉，在线设计工具平台「爱设计」已完成数百万元天使轮融资，投资方为心元资本。本轮融资将用于版权投入、图片素材供应链完善和用户体验提升。 成立于2018年，「爱设计」面向普通个人、设计师和企业方，提供有版权保障的创意素材和智能设计工具。同时，企业致力于成为数字创意资产管理平台，帮助用户提高创意生产和管理效率。 此前，澳大利亚在线设计服务平台「Canva」获得8500万美元的D轮融资，估值31亿美元。 伴随互联网和移动互联网的发展，一方面，有在线设计需求的行业和企业越来越多，比如电商行业。据统计，目前入驻淘宝、天猫的电商超过800万家。个人使用图片的场景也越来越丰富，如使用社交媒体、制作ppt等。 另一方面，在线设计行业也面临许多痛点和问题： 传统人力设计和修改方式效率低、成本高。 用户审美一直在变化，需求更加多样，要求提高 企业内部设计需求分散，部门间协同效率低，创意资产管理缺失 使用图片存在版权风险，侵权代价高 传统设计软件如Photoshop等操作门槛较高、价格较贵 「爱设计」通过在线平台，向用户提供图片、字体、图形、模版等设计元素。帮助用户以简单的拖拽式操作，一分钟生成图片。非专业设计师也可以快速上手。产品提高了用户的办公效率，也帮助很多企业节省了设计成本。目前，用户规模数百万。其应用场景也正在从自媒体办公向手机海报、电商图片、人力招聘等垂直领域拓展。 下一步，「爱设计」计划推出面向企业和品牌主的创意资产管理平台，完善图片素材供应链，面向设计师的分布式内容供应网络。目前网络已覆盖上千名设计师。 疫情期间，国内企业开启了线上办公模式。据联合创始人兼CEO蔡荣介绍，「爱设计」产品的用户规模实现了较大的增长。旗下产品也在第一时间免费开放VIP权限，给到参与疫情抗击的相关机构。 蔡荣补充说：“这样的增长，让我们看到在线设计工具对提高办公效率，尤其是辅助远程办公云端办公的重要性。目前我们已经在设计协同功能以及企业服务方面加大了研发投入，希望能够持续的帮助企业提高数字创意资产的生产效率和管理效率。” 团队方面，创始成员拥有多年互联网产品运营，和视觉设计经验。其中，联合创始人兼CEO蔡荣曾担任爱点击副总裁，是爱点击中国团队的创始成员，有在IPG、GroupM等多家国际4A广告公司任职的经历。 关于投资逻辑，心元资本合伙人滑雪表示：“爱设计，是几个业内连续创业者做的新项目，我们和这个团队认识很久，之前的创业经验也充分验证了团队的能力。设计行业内，从生产工具到生产者都发生了很大变化。伴随这样的结构调整，企业需要新的生产工具，更加快捷通俗、更加移动化的传递设计元素，让服务颗粒足够小，并且基于投放数据做出快速反应。我们很难预测未来的在线办公模式，但不可避免的趋势是智能化和在线化，未来只需要一个极简的终端，让服务都在云端完成。”返回搜狐，查看更多 责任编辑：', null, null, null, null, null, null, null, null, null, null, null, '0', null, null, '0');
INSERT INTO `cms_article` VALUES ('345', '?国家开发银行原党委书记、董事长胡怀邦被决定逮捕', '原标题：国家开发银行原党委书记、董事长胡怀邦被决定逮捕 据央视新闻消息 国家开发银行原党委书记、董事长胡怀邦涉嫌受贿一案，由国家监察委员会调查终结，移送检察机关审查起诉。日前，最高人民检察院依法以涉嫌受贿罪对胡怀邦作出逮捕决定。该案正在进一步办理中。国家开发银行原党委书记、董事长胡怀邦涉嫌受贿一案，由国家监察委员会调查终结，移送检察机关审查起诉。日前，最高人民检察院依法以涉嫌受贿罪对胡怀邦作出逮捕决定。该案正在进一步办理中。 编辑 马浩歌返回搜狐，查看更多 责任编辑：', null, null, null, null, null, null, null, null, null, null, null, '0', null, null, '0');
INSERT INTO `cms_article` VALUES ('346', '“停运仍交份子钱”致百万司机损失惨重 多地出帮扶政策鼓励出租车上街载客  经观汽车', '原标题：“停运仍交份子钱”致百万司机损失惨重 多地出帮扶政策鼓励出租车上街载客 | 经观汽车 摘要：“疫情发生之后，为了安全，家人一直在歇业，但每个月还要白交几千块份钱，希望疫情期间出租车可以免‘月份’。”近日，一位网名为瑶的网友在微博上向北京12345市民热线服务中心求助。 文 | 童锋亮 随着新冠肺炎疫情的发展，街上人流稀少，加上部分城市要求出租车停运，不少出租车司机现在只能坐在家里。但悲催的是，在收入下降的同时，他们中的很多人还不得不继续给公司上交“份子钱”。 “疫情发生之后，为了安全，家人一直在歇业，但每个月还要白交几千块份钱，希望疫情期间出租车可以免‘月份’。”近日，一位网名为瑶的网友在微博上向北京12345市民热线服务中心求助。瑶家中的两位长辈是北京某出租车公司的司机，但现在以开出租车为主要收入来源的家庭，陷入了严重的经济困难。 在全国这样的出租车司机还有很多。根据交通运输部的统计数据，截至2018年底，全国共拥有出租汽车139万辆，年完成客运量352亿人次，占了整个全国城市客运量的28%。即使近年来网约车等交通运输新业态快速发展，巡游出租车提供服务的客运量仍然占据了出租汽车行业总客运量的70%以上。这意味着，疫情之下全国约有上百万出租车司机陷入了无收入状态。 为减少疫情期间人群聚集带来的交叉感染风险，全国多地已规定地铁、公交、轮渡、客运车辆等停运。出租车虽然并未在其列，但由于客流锐减，出租车处于事实上的停运状态，这也极大增加了居民的出行难题。为减少出行难题，各地纷纷出台政策鼓励司机上街载客。但目前看来，问题还难以有效解决。 家庭收入陷入困境 像瑶家里的两位长辈一样，在全国超百万的出租车司机群体中，有大量司机都是独自一人承担着家庭的全部收入。随着客流减少，他们没了生意，生活压力变得越来越高。 经济观察网记者注意到，1月28日，有山西太原市民在互联网平台发视频称，疑因疫情特殊时期没生意，还要上交“份子钱”，太原市的出租车司机发起罢工。“不管有没有生意，每天一睁眼就意味着欠租车公司好几百块。”一位太原当地出租车司机如此向经济观察网记者表示。 所谓份子钱，是出租车司机上缴给出租车公司的承包费用。据了解，我国大部分城市对出租车的管理都实行特许经营制度，即政府将城市的出租车业务授予少数公司运营，这些公司再向司机出售营运资格，后者向公司缴纳一定金额的管理费用，即“份子钱”。出租车公司的运营模式主要分为公司化模式和个体挂靠模式，但不论哪一种模式，都存在不等的“份子钱”。 全国85%的城市出租车行业都采用公司化模式运营，以北京、上海等城市为代表。另外就是温州、天津等城市的个体化模式。以温州为例，虽然个体化模式表面上不存在“份子钱”，但由于运营牌照的稀缺性，该地15年的营运权在市场上的价格被炒到80万。如果按照跑15年需要换三辆车计算，车价加营运权的成本达到110万，即使不计算利息，每年的成本也高达7万元左右，即每个月有6000多元的“份子钱”。 目前大多数城市要求公共交通暂停运营，出租车作为公共交通的一种补充，并未被全面停止，在未停止运营地区的出租车司机虽然能够接到的单子越来越少，但尚能弥补一部分份子钱的损失。另有一些城市则明文禁止出租车运营，这些地区的司机面临着收入为零与份子钱亏空的双重损失。 一位越来越难接到单的哈尔滨出租车司机向经济观察网记者表示，自己每天需要自费用消毒液对车辆进行几次消毒，而后要自费准备口罩、护目镜，但冒着如此高的风险出车，并不是为了挣钱，而是平衡份子钱。“每天拿到份子钱就收工。”他也考虑过转行，“如果我们都冒险出来了，还拉不到活儿要赔钱的话，还不如转行做外卖骑手。” 多地出手为司机减负 出租车暂停运营不仅给出租车公司和出租车司机造成损失，还给部分居民的出行带来困难。因公共交通停运，一些没有私家车的居民如果遇到紧急事件外出，也打不到出租车和网约车的话，就会陷入寸步难行的困境。 庆幸的是，瑶所在的北京市已经意识到这一问题，并开始制定相应的帮扶政策。2月6日，北京市发展和改革委员会主任谈绪祥在北京表示，为切实减轻疫情对中小微企业生产经营的影响，北京市推出16项措施，帮助企业共渡难关和稳定发展。其中包括，降低出租车运营成本，鼓励出租车企业对疫情期间继续正常从事运营服务的出租车司机适度减免承包金；市区两级按照管理事权，可对采取减免承包金等措施鼓励运营的出租车企业，给予一定运营补贴。 与北京一样，还有一些城市也陆陆续续发布了各自的帮扶举措。例如，上海、深圳、西安、济南、长沙、海口、三亚、合肥、贵阳、徐州、兰州、宜宾等城市通过减免承包金、发补贴等形式来降低出租车运营成本，鼓励出租车正常运营。 济南市交通运输局提出，对经营期限为六年或六年半（外观为薄荷青颜色）的在运车辆，各出租汽车公司对承包公营车辆的承租人，减免2月份原标准一半的承包费；对新能源及个性化出租车等经营期限为八年的车辆，各企业按2000元/车的标准减免2月份的承包费。 深圳出台了四条政策，包括简化政府临时补贴发放考核、协调企业给予司机临时补贴等。首次企业临时补贴标准建议为3000元/车，后续疫情防控期间企业临时补贴金额将另行核算确定。 西安市出租汽车管理处、西安出租汽车协会发出通知，西安市所有出租汽车经营企业免除2020年2月(一个月)企业自有车辆承包费或任务金和个体工商户服务费。1个月后将根据疫情防控情况，相关减免政策将再作调整。 上海市则表示，从1月24日开始至2月29日，上海各企业对防疫期间坚持上岗营运的承包模式驾驶员，单班车按照80元/车/日进行贴补，双班车按照120元/车/日贴补。贴补依据单双班配班情况及营运情况按天计算。对其他经营模式的驾驶员，参照上述贴补比例执行。 经济观察网记者就补贴如何落地问题，咨询了上海当地一家市场份额较大的出租车公司，该公司负责人表示：“目前，补贴费用是由企业来承担，政府方面正在考虑减税以及社保延期交费。” 值得一提的是，作为交通出行生态中对于传统出租车的补充，网约车公司也开始补贴司机。滴滴出行相关人士对经济观察网记者表示，滴滴推出了对武汉等湖北16城网约车司机车租顺延1个月的政策，而针对全国范围内其他受疫情影响的城市，目前正在与行业伙伴共同推动车租延租方案。返回搜狐，查看更多 责任编辑：', null, null, null, null, null, null, null, null, null, null, null, '0', null, null, '0');
INSERT INTO `cms_article` VALUES ('347', '“封城”22天全记录 省市新主官上任 湖北如何打开新局面', '原标题：“封城”22天全记录 省市新主官上任 湖北如何打开新局面 湖北省委主要负责同志职务调整 应勇任湖北省委书记 蒋超良不再担任湖北省委书记职务 每经记者：杨欢 刘艳美 余蕊均 “武汉胜则湖北胜，湖北胜则全国胜。” 2月13日，战疫胶着之际，中央对湖北省和武汉市“一把手”进行了调整—— 上海市市长应勇接替蒋超良，出任湖北省委书记；济南市委书记王忠林接替马国强，出任武汉市委书记。 应勇（左）和王忠林 消息一出，舆论沸腾，“林”危受命、“应”勇抗疫……一个个遣词造句背后寄托着太多期待。 值得注意的是，人事安排官宣前，还有一个重要消息，也在鼓舞着士气。 2月13日上午9时起，11架运输机，包括运20、伊尔76、运9，陆续降落在天河机场，近1000名军队支援湖北医疗队队员和大批医疗物资抵达武汉。截至目前，军队已派出的3批次4000余名医护人员支援一线，此次任务，也是“鲲鹏”首次参加非战争军事行动。 视频来源：央视新闻 与此同时，医疗界“精锐力量”也在向湖北集结。除了“南湘雅、北协和、东齐鲁、西华西”这样的“王炸天团”，据统计，截至2月12日，共有190支医疗队、23103名医疗队员支援湖北。其中，在武汉的有159支医疗队、18541名医疗队员。 最新通报显示，2月13日0时~24时，湖北省新增新冠肺炎病例4823例（含临床诊断病例3095例）。相比前一日暴增14840例（含临床诊断病例13332例），这一数字已大幅放缓。截至13日24时，湖北省累计报告新冠肺炎病例51986例（含临床诊断病例15384例）。 不过，因为增加了“临床诊断病例”分类，对数字此前攀升其实并不比感到太过意外。正如国家卫健委新闻发言人、宣传司副司长米锋所言，修订标准是为了让患者能及早按照确诊病例相关的要求接受规范化治疗，进一步提高救治成功率。 “应收尽收、应治尽治”是当务之急。人力、财力、物力，无不在为湖北和武汉打开新局面贡献一份力量。 湖北新书记应勇 恳请支持和帮助，接受批评和监督 图片来源：视频截图 “我将无我、不负人民”。2月13日，湖北省召开全省领导干部会议，应勇表示，湖北和武汉是全国疫情防控的重中之重，是打赢疫情防控阻击战的决胜之地。“恳请全省各级领导干部和广大人民群众给予支持和帮助，也诚恳接受大家对我的批评和监督。” 应勇说，当前，疫情形势仍然十分严峻，任务十分艰巨，我们必须以更大决心、更果断措施、更有效办法，抓实抓细抓落地，打好疫情防控组合拳，坚决把疫情扩散蔓延势头遏制住。 这是他赴任湖北后的首度发声。在此之前，应勇最近一次公开亮相是2月11日，在上海市疾防中心主持召开专题会，研究新冠肺炎科研攻关和大数据助力精准防控等工作。 从1月20日上海确认首例输入性新冠肺炎确诊病例开始，上海战疫序幕拉开。时任上海新型冠状病毒感染肺炎疫情防控工作领导小组组长，应勇在处置疫情防控工作方面的态度和做法，可以从一些公开报道中窥知一二。 1月20日至2月11日，应勇分别和医疗专家，基层代表面对面会谈，听取对防控疫情工作的意见建议。期间，多次提及基层工作的重要性，要求切实减轻基层负担，多为基层解决困难。 应勇认为，全面落实疫情防控工作，归根到底要靠基层；加强条块结合、条块联动，最终要靠块的落实。 他指出，政府部门要树立基层导向，条线部门要支持属地加强管理，区级机关要抽调力量支援基层，努力为基层单位提供防疫物资保障，力戒形式主义、官僚主义。 就在应勇的任命宣布后不久，湖北省新型冠状病毒感染肺炎疫情防控指挥部发布最新通告，要求各级党政机关、事业单位要组织干部职工下沉到村（社区）基层一线，参与疫情防控工作。 图片来源：网页截图 除了树立基层导向，面对疫情防控这样极具专业背景的工作，应勇还曾多次“开门纳谏”。 “打赢疫情防控阻击战，需要科学有效应对，我们尤其希望大家多谈不足和问题，多给我们好的意见建议。”2月1日，应勇主持召开专家座谈会，制订应对返程高峰各项方案预案。 他在会上表示，只有勇于接受监督的政府才是不懈怠的政府，只有勇于接受批评的政府才是不断进取的政府。他要求政府部门认真研究、充分吸纳专家的意见建议，建立专家建言献策常态机制，不断优化完善疫情防控工作的方案和措施。 对外集思广益，对内也丝毫没有放松。 “越是在非常时期、紧急关头，越是在严峻的挑战下、特殊的环境中，全体政府工作人员，特别是各级领导干部，越要有昂扬的精神状态和过硬的工作作风。”这是2月2日，应勇在主持召开上海市政府工作会议时着重强调的。 目前，因防疫不力，湖北已有多名官员被密集问责。领导干部是“关键少数”，必须发挥“关键作用”，梳理应勇公开讲话，他曾多次表示，要着力深化对权力运行的制约，加强重点领域和关键环节监督。 值得注意的是，现年62岁的应勇，曾先后在浙江、上海两地政法系统工作30余年，担任过两地高级人民法院院长，是一名标准的“政法老兵”。 据当地媒体报道，应勇在上海高院工作期间，上海法院司法公正指数、司法透明度稳居全国第一。一位政法系统内部人士评价，“让司法与行政相对独立，这体现出应勇的一种法治思维，他能够认准做一件事情，然后用行动把你说服。” 走马上任武汉 王忠林曾直言“不怕得罪人” 图片来源：视频截图 2月13日下午，武汉市召开领导干部大会。 出席会议的应勇对王忠林予以高度评价：“王忠林同志政治素质好，组织领导能力强，基层历练经验丰富，熟悉经济工作和城市管理，处事果断，勇于担当，勤勉务实，为人正派。” 王忠林在发言时称，将坚决把疫情防控作为当前头等大事，以必胜信心打赢疫情防控阻击战；坚决把抓实抓细作为最关键的问题，以过硬举措把握防控工作主动权；坚决做到以上率下冲锋在前，以强烈担当为全市党员干部作出表率；坚决广泛发动和依靠群众，以磅礴伟力夺取武汉保卫战的全面胜利；坚决统筹抓好改革发展稳定各项工作，以百倍努力推动经济社会高质量发展。 公开资料显示，王忠林有17年政法工作经验，“作风硬派、雷厉风行”，是外界对他的普遍评价。 1月24日，济南首次确认新型冠状病毒肺炎2例。疫情当前，王忠林当即对济南防控工作提出四个“百分百”：坚决把好排查关，对从湖北入济的人员，要一个不漏、百分之百地做核酸检测。 王忠林多次以“四不两直”方式检查疫情——不发通知、不打招呼、不听汇报、不用陪同接待，直奔基层、直插现场，到高速公路出入口、农村、防护用品企业、药剂企业督导检查疫情防控工作。 目前来看，济南疫情防控效果明显。山东省卫健委数据显示，2月13日，济南零新增确诊病例，截至当天24时累计确诊47人，在全国15个副省级城市中，排名倒数第五。 王忠林是土生土长的山东人，仕途此前一直在山东省内。 1984年，王忠林从华东政法学院毕业后，在枣庄市政法系统大约工作了17年，公安局和检察院都有他的工作足迹。2001年，王忠林离开政法系统，开始地方主政工作。 在枣庄峄城区、滕州市及聊城先后任职后，2015年，王忠林调任省上，担任山东省发改委主任。不到一年半，王忠林来到济南“救火”。 彼时，时任济南市委书记王敏、市长杨鲁豫先后落马。2014年12月，王敏接受调查，时任南昌市委书记王文涛北上出任济南市委书记。2016年4月，杨鲁豫接受调查，王忠林随后出任济南市委副书记、代市长，接着去“代”转正，出任市长。随着王文涛出任黑龙江省省长，王忠林接班书记，主政济南。 在许多场合，王忠林都谈到实干的重要性—— “真抓才能攻坚克难，实干才能梦想成真。”“济南过去的成绩，是靠干出来的，创建国家中心城市，还要靠实干。” “做到‘一件接着一件干’，‘干一件成一件’ 。” 去年5月，王忠林率济南党政代表团相继在京沪亮相。其间，一位企业家讲述了这样一个细节：跟王忠林的交往基本上是晚上11点钟以后电话微信，早上起来后又继续微信电话。“感觉王忠林书记不仅是‘996’，也不仅仅是‘007’，他除了睡觉的时间，基本上是18x18x7。” 王忠林曾直言，对“不扛担子”的问题，要不怕得罪人，善说“不行”。对这些形式主义、官僚主义问题要“亮剑”。要完善考核评价机制，科学设计监督问责制度，通过严格奖惩促进履职尽责，实现优胜劣汰。 对“不对路子”的问题，要深思熟虑，会说“不行”。面对这些解难题“没法子”、促发展“缺路子”、做方案“无样子”的现象，要亮出鲜明态度，坚决说“不行”，打回去重新来过。 战疫新征程 “提振士气、凝聚民心、重振雄风” 除了刚刚履新的省市两位主官，中央政法委秘书长陈一新和国家卫建委副主任王贺胜均已赶赴武汉一线。 陈一新（左）和王贺胜 2月8日，陈一新赶赴武汉，成为中央指导组副组长。2月10日，湖北省委常委会决定：新任常委王贺胜兼任省卫健委党组书记、主任。 早前即有分析认为，疫情防控刻不容缓，眼下的湖北和武汉，不仅需要医务人员和各类物资，也需要充实组织力量，需要能够判断精确、决策果断、落实迅速的人。 一周之内，一位来自卫生系统的干部、三名具有政法背景的官员，特殊时期的人事安排，意义自不待言。而面对眼下疫情防控的胶着态势，每一项工作都需要“快、准、狠”。 2月10日，省际对口支援湖北省除武汉以外地市新型冠状病毒肺炎防治工作视频会议召开。国家卫健委副主任于学军，湖北省委常委王贺胜在湖北分会场出席会议并讲话。 图片来源：视频截图 王贺胜代表湖北省委省政府，感谢全国的大力支持，“各兄弟省份短时间内抽调精兵强将，与我们并肩战斗”。 他还指出，与武汉相比，湖北省其他市州基础设施相对薄弱，医疗卫生人员更加缺乏。恳请各兄弟省份进一步加大对口支援力度，湖北各市州将全力做好援鄂人员后勤保障工作，抓住关键窗口期，共渡难关，共同打赢疫情防治的阻击战。 就在这天，官方正式公布对口支援方案，19个省份驰援湖北除武汉外16个地市。截至目前，已有超2万名医护人员赶赴一线。 毫无疑问，这场战疫，没有人能置身事外，也没有一个地方会成为孤岛。但真正确保“应收尽收”，不仅需要足够的医务人员，还需要足够的病床——用中央指导组副组长、中央政法委秘书长陈一新的话说，宁要“病床等人”，不能“病人等床”。 2月12日，陈一新在武汉督导疫情防控工作并召开碰头会，专题研究武汉市病床筹集工作。 图片来源： 中央政法委长安剑 他提醒武汉各级干部：武汉是疫情初发地，早发多发，疫情比市外省外更为长久、更为严重。想要疫情出“拐点”，先要信心出“拐点”。要清醒认识武汉疫情的特殊性、不确定性，清醒认识武汉防控工作的难点，强化底线思维，宁可把风险估计得更大一点，把问题困难估计得更多一点，不断增强战略谋划超前性，提高工作安排预见性，跟进实施有力有效举措，努力打好疫情防控主动战。 与输入地相比，武汉感染者底数还没有完全摸清，蔓延扩散的规模也没有较为精准的估计预测。据有关方面推算，武汉潜在被感染的基数可能还比较大。 疫情防控还存在确诊难、收治难、隔离难、保障难等薄弱环节。舆情应对较为被动，特别是网络舆情引导不到位，辟谣不及时，影响了社会舆论环境。 根据“中央政法委长安剑”披露的信息，从扫黑除恶战场转向“扫毒除疫”战场，陈一新在武汉4天的工作重心在于“恶补”学习了解疫情防控情况和相关知识，“想尽快成为一名深度的‘知情人’和推进这项工作的行家里手。” 在他看来，打赢武汉保卫战，关键要提振士气、凝聚民心、重振雄风。为此，要采取更大的力度、更果断的措施，坚决把疫情扩散蔓延势头遏制住。要坚持一个阶段突出几项重点，环环紧扣、步步为营、久久为功，以重点突破带动全局发展。 当天会上，陈一新还立了一个“规矩”——今后，要建立每日碰头会制度，坚持开短会、讲短话，把重点放在协调解决问题和抓落实上。 2月14日，太阳再次升起，无数目光都在期待，早日重归正轨。 视觉：帅灵茜 刘阳 排版：刘艳美 卢祥勇 每日经济新闻返回搜狐，查看更多 责任编辑：', null, null, null, null, null, null, null, null, null, null, null, '0', null, null, '0');
INSERT INTO `cms_article` VALUES ('348', '“总龙头”巨阴跌停！热点退潮后 究竟谁在裸泳？ 山哥解盘', '原标题：“总龙头”巨阴跌停！热点退潮后 究竟谁在裸泳？| 山哥解盘 文/山哥 熔喷布涨价超4倍 相关股再冲涨停 本周二，山哥和大家聊过口罩产业链，尤其重点提到上游原材料的熔喷无纺布层，大家应该有印象。 消息面上，国资委日前成立专项工作组，强力推进医疗物资生产供应。 相关中央企业正在加快转产，生产防疫一线紧缺的口罩、医用防护服以及口罩机和防护服压条机等。截至2月11日，相关央企一次性医用口罩日产量提升至79.4万只，本月底将达到每天160万只以上。 央企转产增加全国口罩产能，对制造口罩的A股企业股价无疑形成利空，同时近期口罩概念股均已炒作至翻倍，已将前期疫情致口罩需求剧增的利好兑现掉了。因此，振德医疗、泰达股份、奥美医疗等口罩股这3天也是连续下挫，主力资金撤离现象明显。 口罩产能大幅提振，什么最为受益？必然是对上游原材料的需求。 而医用外科口罩和医用外科口罩和N95口罩的“心脏”便是熔喷布。2月12日，据一家熔喷布小厂家的报价，已从疫情前的1.8万元/吨达到8万元/吨，产品需求量、价格双升，企业绩增预期自然明显。 因此可以看到，产销熔喷布的道恩股份在前期大涨过的基础上，今日仍能再度冲击涨停。 盘面解读：情绪退潮 高位巨阴警惕！ 今天是标准的普跌行情，大盘早上小幅冲高后，便一路震荡走低。沪深创3大指数都跌了0.8%左右，同时权重、中小盘也是携手齐跌。 昨天市场情绪高潮，8连阳3000家涨停，可量能却持续背离，获利盘连续积攒后，势必会迎来释放砸盘的一天，所以今日调整概率本来就很大。这也是山哥昨晚建议大家今日获利了结、不宜开仓的部分原因。 从今日开盘15分钟沪指量价表现来看，目前暂未出现明显的资金出逃迹象，甚至还有部分资金选择开盘做多。 但值得警惕的是，前期强势题材的分化力度开始越演越烈，很久没见过的总龙头高开巨阴K线，今天也发生在世纪天鸿身上。 世纪天鸿、深康佳A、三五互联，早盘任性进场这几只股票的股民，都吃下10几个点的巨型回撤。辛苦2周，结果一天回到解放前。 从今日行情，我们应该总结到：热点炒作，终究只是击鼓传花。题材再新颖，高位站岗现象永远不会缺席。无论医药、口罩、云办公还是在线教育，故事一旦讲透，没有了新剧情，那么就是该兑现离场的时候了。情绪一旦退潮，你会发现之前爆炒过的个股都在裸泳，没一个抗揍的！ 虽然题材股大雨倾盆，但硬核科技趋势股依然未停下上攻步伐，像老北京、晶晶姑娘、“太差了”等个股均逆势新高。机构看上的票，在这会大盘转向时，便能看出个股质地的优势重要性，以及热点资金、逻辑资金的持仓态度区别。 目前市场勇猛资金已开始大亏，那么大家首先要考虑的便是降低仓位，而不是觉得市场调整，可以为我筛选出牛股，能更简单地赚钱。山哥表示，未来行情炒作的板块轮动和买卖频率会越来越快，大家务必重视交易节奏！ 明日展望: 从山哥情绪指标来看，除“连板家数”外，其余4条折线均朝向空头，赚钱效应回落力度高达65%，市场做空情绪一致性较强，故明日或将出现技术性的回暖修复行情，早盘可能有低吸机会。 主流看点：硬核大科技、特斯拉、疫情分支（如红外检测、医疗废物处理，回避医药、口罩制造）、光伏（谨慎） 粪便检测病毒 “医废处理”卷土重来！ 受“广州医科大学从患者粪便中分理出病毒”的资讯刺激，医疗废物处理板块午后快速拉升。 如润邦股份、雪浪环境涨停，侨银环保冲板，分时直接扭转上午跌势。今天，武汉已将疑似病例集体筛查，因此确诊人数有显著提升。病例归类好，就好统一管理了，疫情事件后续大概率逐渐和缓，资金炒作意愿也会递减。 对于医废处理，虽未得出粪口传播的科学证据，但毕竟已从粪便检测出病毒，国家肯定会谨慎重视。数万确诊病例的粪便处理，也会严格化进行，因此对于该疫情分支概念，山哥觉得是有一定炒作逻辑的。 昨晚不大看好的光伏概念，今天有点超预期强：27家昨日涨停股，今天收盘能红22家，6家连板，但整体封单力度不强。马斯克有想过把太阳能业务与电动车进行整合，开发太阳能汽车。脑洞虽然很大，但实现还太早，先把自产电池搞定再说吧。对于光伏板块，山哥认为还是跟风特斯拉上涨居多。 周四涨停股分析 今日涨停家数50家，较昨日减少56家；连续涨停家数12家，较昨日增加6家。虽然连板家数有所回暖，但与昨日总涨停家数增速对比，仍然不足。4连板、5连板股再度绝迹，连板股出现断层，资金追涨情绪极弱。涨停个股汇集在特斯拉、芯片、光伏3大板块，但仍有少量疫情分支股涨停。 强势股方面，世纪天鸿、三五互联等高位股高开跳水收阴，亏钱效应恶劣，短线博弈难度显著增大。秀强股份强势一字8连板，晋升总龙头，且带动多只特斯拉股涨停。天华超净午后强势回封3连板，与安居宝并列龙二。今日2连板股高达13只，比前3天行情都多，反映出资金高低位切换意愿强烈。 注：股市有风险，投资需谨慎，仅供参考，不作为买卖的依据，据此买卖，盈亏自负。返回搜狐，查看更多 责任编辑：', null, null, null, null, null, null, null, null, null, null, null, '0', null, null, '0');
INSERT INTO `cms_article` VALUES ('349', '“我开还是你开？”老师在线授课可强开学生摄像头 平台称在改善', '原标题：“我开还是你开？”老师在线授课可强开学生摄像头 平台称在改善 近日，受新型冠状病毒肺炎疫情影响，多地开展网上教学——老师和学生只需安装同一款App，即可进行线上直播教学和互动。然而，无限宝、课后网等平台却被曝出在直播中，老师可以强制打开学生摄像头、麦克风。学生普遍质疑此举侵犯隐私。 南都记者从多个正在使用上述平台的学生了解到，老师能强制开启学生端的摄像头、麦克风的情况属实。无限宝客服回应称，平台正在改善这一情况，以后将采取提示的方式，赋予学生选择权。 对此，有专家向南都记者表示，虽然有疫情的大背景，但网课App仍然应遵守个人信息保护及其他相关规定。老师强制打开学生的摄像头、麦克风权限，可能会使学生将私密空间和家庭信息暴露给所有师生，侵犯其隐私权。 ...1... 老师可通过App强制开启学生的摄像头 小果是安徽合肥的一名高二学生。前几日，他所在的学校开始使用无限宝App进行在线教学。 在一次上课期间，他没有开启麦克风权限，老师发现后叫他打开，并问他“需要我开还是你开”。小果这才知道，原来老师是可以替学生打开麦克风的。 老师要求小果开麦克风。受访者供图 “老师也可以打开摄像头，但我们老师说她没开”，小果告诉南都记者。不过很快，他就在另一堂课上亲眼看到自己同学的摄像头被打开。他透露，老师会在提问时打开学生的摄像头，但自己一般只会语音回复。 小果的两个同学被强制打开了摄像头。受访者供图 江西九江的丁丁正在读高三。她是在上课前一天被通知要使用无限宝，还收到了一封《告家长及同学书》。 文中清晰告知：在直播课堂上，如果玩其他软件，老师可以通过锁屏功能提醒纠正；当学生关闭摄像头和麦克风时，老师可以“通过直播平台的强制打开功能，让你恢复到正常课堂状态”。 《告家长及同学书》。受访者供图 后来上课时，果然有一个女生在课上抢答时摄像头被打开。对此，助教回复称，“助教与老师确实可以开你们的摄像头，但我们都不会开，因为没必要。刚看见学生可能是老师不小心点麦克风点错了。” 此外，还有学生称，无限宝还会“监控”学生的电脑、手机屏幕，以此衡量学生的“认真度”。比如学生查看其他网页，或者切换到其他App，都会被App的锁屏功能提醒纠正并记录下当时的屏幕截图，自动生成认真度列表，供家长查看。 “无限宝”后台声称的认真度列表。受访者供图 更让学生们感到担忧的，是无限宝、课后网的“监控”可能根本无从关闭。 同样来自江西的学生大花发现，在线上课时，尽管自己没有主动开启摄像头权限，电脑上也没有显示任何直播画面，但摄像头旁边的指示灯依然会打开，显示正在工作。“在应用里我只看到了调试设备属性之类的，没有开启或者关闭的按钮。” ...2... 客服：正在改善，将允许学生拒绝 2月11日，南都记者从安卓应用商店下载了无限宝和课后网两款App，两者同属浙江万朋教育科技股份有限公司旗下（下称“万朋教育”）。 首次打开时，无限宝强制要求获取“存储”权限，课后网则还需要获取“位置”权限，否则会退出App。除此之外，小果提到，如果不同意开启摄像头和麦克风，无限宝还会多次弹窗提醒开启，而实际上不开启也可以正常听课。 无限宝多次弹窗要求获取摄像头、麦克风权限。受访者供图 由于无限宝、课后网App不向师生之外的人开放，南都记者无法进一步注册使用。根据小果提供的无限宝“设置”页面截图，无论是否开启摄像头权限，无限宝都会强制用户选择使用“前置摄像头”还是“后置摄像头”，效果是“流畅”还是“高清”。 “无限宝”的设置页面。受访者供图 而据课后网的官网介绍，课后网有“课堂管理”功能，可进行桌面锁定、课堂点名、监控桌面等操作，保证学生上课不溜号，对不认真上课的学生还可发送消息，提醒学生准时认真上课。 课后网官方介绍。图自课后网官网 南都记者了解到，无限宝是十几天前，万朋教育为了方便更多学校在线授课才推出的“应急”App。客服称，此前课后网从未出现过侵犯隐私的问题。 不过，南都记者发现，无论是无限宝还是课后网，均未提供用户协议或隐私政策，即对App将获取哪些权限、收集用户的哪些个人信息没有做出任何形式的告知。 南都记者随后致电万朋教育客服，对方称，只有在学生允许App获取摄像头和麦克风权限的情况下，老师才能直接替学生打开，否则是打不开的。“认真度”数据则是通过进入和退出App的时间来计算，无需监控手机后台。 “在权限开启的状态下，老师如果不小心点到了，可能会没有经过你的允许就把摄像头打开，这块我们已经在完善了”，她说，以后如果老师要开启学生的摄像头，学生这边会收到提示，还可以选择拒绝。 至于未提供用户协议、隐私政策问题，客服表示不清楚，称只能在安卓应用商店里看到App需要获取的所有权限，然后去设置里选择开启和禁止。 ...3... 专家：不应频繁申请权限，或侵犯隐私 南都记者了解到，远程开启手机权限是在线教育直播App特有的功能，类似于远程办公软件，而且手机端和电脑端还有所区别。 北京汉华飞天科技有限公司技术总监彭根指出，在手机端，操作系统在系统层面上会有权限控制，只有学生开启权限才能远程打开；电脑端则没有权限管理的功能设计，可以直接打开。 对于老师可以强制开启摄像头和麦克风的行为，学生们和网友们的反映普遍较为抵触。App开发这个功能是否合理？老师的行为是否侵犯学生隐私呢？ 最新的《民法典（草案）》明确定义，隐私是自然人的私人生活安宁和不愿为他人知晓的私密空间、私密活动、私密信息。 “在远程教学场景下，学生在家中而非教室进行学习，且住宅、个人房间可构成私密空间。”北京市安理律师事务所高级合伙人王新锐认为，老师未经学生同意，强制打开摄像头、麦克风权限，可能会使学生将不愿他人知晓的私密空间和家庭信息直接暴露给所有师生，有可能侵犯了学生及其他家庭成员的隐私权。 北京观韬中茂(上海)律师事务所合伙人王渝伟也指出，如果相关视频被传播出去，用到其他场景，将涉嫌侵犯隐私；而强制开启学生端权限的做法违背了《中华人民共和国网络安全法》关于“网络运营者收集个人信息需获得被收集者同意”的规定。 他强调，很多学生是未满14岁的未成年人，根据《儿童个人信息网络保护规定》，开启麦克风和摄像头收集学生信息需要获得监护人的同意。“网上授课，并不是简单的从线下搬到线上，还涉及到老师、网络运营者怎么存储、使用信息的问题，这些情况都受到网络安全法的规制。” 针对无限宝多次请求权限的情形，王新锐表示，多部国家标准、规范中都明确要求App不得频繁申请非必要权限。 “虽然在当前网络教学场景下，开启摄像头和麦克风有一定的合理性，但不可否认的是，不开启摄像头和麦克风也不影响上课”，他说，对于摄像头和麦克风这类可收集用户个人信息的权限，应以“合理、必要”为原则，尊重用户权利，不应频繁请求开启。 王渝伟则认为，如果没有取得授权同意，App不应多次弹窗要求授权。他建议，应该将决定权交给学生：老师需要学生打开相关功能时，由App提示学生完成授权，而不是一开始就强制打开相关功能。 王新锐表示，虽然有疫情的大背景，但网课App作为开展远程教育的平台，仍然应遵守个人信息保护及其他相关规定，尽量保持克制，而不是成为监督学生的工具，要考虑到学生不同的家庭状况，同时尊重学生作为未成年人的权利。 （小果、丁丁、大花为化名） 采写：南都记者蒋琳 南都个人信息保护研究中心研究员尤一炜 视频：南都记者潘颖欣 编辑：李玲返回搜狐，查看更多 责任编辑：', null, null, null, null, null, null, null, null, null, null, null, '0', null, null, '0');
INSERT INTO `cms_article` VALUES ('350', '“我爸是县委的，打我啊”！少年大闹防疫卡口，狂言背后发人深思', '原标题：“我爸是县委的，打我啊”！少年大闹防疫卡口，狂言背后发人深思 由于疫情原因，各地复工日期一再延后，为了响应政府号召，少出门，很多小区也进行了封闭管理。在万众一心抗击疫情的紧要关头，绝大多数人，都能非常自觉地做好自我防护，比如说响应号召不出门，出门就戴好口罩，可极少数人总是喜欢唱反调，其中不乏一些未成年的孩子。 近日，河北石家庄有位少年在取快递过程中，与当地疫情防控工作人员发生争执，该少年不听劝告，气势十分嚣张，这一行为引起了网友们的热议和谩骂。 少年不服从防疫人员的管理 最近，河北省石家庄市深泽县有一位少年，大闹疫情防控卡口的视频，在网上疯狂流传。事情经过是这样的，几天前的一个上午，少年王某某（男，14岁）在取快递过程中，途径该县一个疫情防控卡口，与工作人员产生分歧，当时王某某的态度十分恶劣，而且还口出狂言，对工作人员叫嚣道“我爸是县委的，打我啊”，别看他年纪不大，口气倒是一点都不小。 事情发生之后，县委和县政府对此事进行了调查，调查得知，王某某的父亲是县委部门的一般工作人员。闻讯后，他的父亲已经在第一时间，赶到事发防控卡口，并向值守人员进行了赔礼道歉，而且主动赔偿了围挡损坏造成的损失，态度十分端正，现在双方已经和解。 但是王某某表现出来的行为，却依旧让人深思。 孩子的三观需要从小培养 该事件发生之后，不少网友们都觉得孩子的教育有问题。对于一个只有14岁的孩子来说，人生阅历还很浅薄，需要家长和老师好好指导教育才行。现实生活中很多家长都比较溺爱孩子，从生活到学习上惯着孩子，久而久之就养成了孩子比较自私的行为，不懂得换位思考也不懂得体谅别人的辛苦，这样的教育说实话，对孩子以后的成长只有坏处没有好处。 其实，孩子的教育需要从小抓起。无论男孩女孩，都不应该被家长过度地娇惯和纵容，从小就应该让他（她）明白做人的基本道德和基本礼仪，学会尊重别人，而不是像文中王某某这样，仗着老爸的身份自以为是，为所欲为。只有时刻给孩子树立一个良好的三观，才能让孩子在成长道路上一帆风顺，长大后成为一个对祖国有用的人才。 我们要严肃对待防疫工作 当然在这样的紧要关头，最重要的事情还是要做好防疫工作，笔者希望大家都不要有侥幸心理，总觉得这场疫情与自己无关，把自己当成局外人。面对防疫工作，我们应该保持严肃认真的态度，好好配合防疫工作人员执行工作，切勿莽撞的去冲撞他们，影响防疫工作正常开展。 只有大家的态度端正了，才能更好地控制疫情，才能在短时间内战胜这场战争。才能让那些不眠不休，奋战在一线的英雄没有徒劳。只有大家都有一颗想要抗击疫情的决心与恒心，我们才能尽快迎来胜利的曙光。 最后笔者想要告诉大家，不要再让那些辛苦工作的人们寒心了，我们应该减少他们的压力和负担，听从安排，积极配合，和他们一起打赢这场战斗。返回搜狐，查看更多 责任编辑：', null, null, null, null, null, null, null, null, null, null, null, '0', null, null, '0');
INSERT INTO `cms_article` VALUES ('680', '今天开始全国各地的气温开学下降', '今天开始全国各地的气温开学下降今天开始全国各地的气温开学下降今天开始全国各地的气温开学下降今天开始全国各地的气温开学下降今天开始全国各地的气温开学下降今天开始全国各地的气温开学下降今天开始全国各地的气温开学下降今天开始全国各地的气温开学下降今天开始全国各地的气温开学下降今天开始全国各地的气温开学下降今天开始全国各地的气温开学下降今天开始全国各地的气温开学下降今天开始全国各地的气温开学下降今天开始全国各地的气温开学下降今天开始全国各地的气温开学下降今天开始全国各地的气温开学下降今天开始全国各地的气温开学下降今天开始全国各地的气温开学下降今天开始全国各地的气温开学下降今天开始全国各地的气温开学下降今天开始全国各地的气温开学下降今天开始全国各地的气温开学下降今天开始全国各地的气温开学下降今天开始全国各地的气温开学下降今天开始全国各地的气温开学下降今天开始全国各地的气温开学下降今天开始全国各地的气温开学下降今天开始全国各地的气温开学下降今天开始全国各地的气温开学下降今天开始全国各地的气温开学下降今天开始全国各地的气温开学下降今天开始全国各地的气温开学下降今天开始全国各地的气温开学下降今天开始全国各地的气温开学下降今天开始全国各地的气温开学下降今天开始全国各地的气温开学下降今天开始全国各地的气温开学下降今天开始全国各地的气温开学下降今天开始全国各地的气温开学下降今天开始全国各地的气温开学下降今天开始全国各地的气温开学下降今天开始全国各地的气温开学下降今天开始全国各地的气温开学下降今天开始全国各地的气温开学下降今天开始全国各地的气温开学下降今天开始全国各地的气温开学下降今天开始全国各地的气温开学下降今天开始全国各地的气温开学下降', '9a255df0-a53e-44b3-b867-cd1e2dd4b8c5.jpg', '1', '2', '178', '0', '1', '1', '0', '2020-02-14 14:29:15', '2020-02-14 14:29:15', null, '0', null, null, '0');
INSERT INTO `cms_article` VALUES ('681', '从你的世界路过33333333', '今天开始全国各地的气温开学下降今天开始全国各地的气温开学下降今天开始全国各地的气温开学下降今天开始全国各地的气温开学下降今天开始全国各地的气温开学下降今天开始全国各地的气温开学下降今天开始全国各地的气温开学下降今天开始全国各地的气温开学下降今天开始全国各地的气温开学下降今天开始全国各地的气温开学下降今天开始全国各地的气温开学下降今天开始全国各地的气温开学下降今天开始全国各地的气温开学下降今天开始全国各地的气温开学下降今天开始全国各地的气温开学下降今天开始全国各地的气温开学下降今天开始全国各地的气温开学下降今天开始全国各地的气温开学下降今天开始全国各地的气温开学下降今天开始全国各地的气温开学下降今天开始全国各地的气温开学下降今天开始全国各地的气温开学下降今天开始全国各地的气温开学下降今天开始全国各地的气温开学下降今天开始全国各地的气温开学下降今天开始全国各地的气温开学下降今天开始全国各地的气温开学下降今天开始全国各地的气温开学下降今天开始全国各地的气温开学下降今天开始全国各地的气温开学下降今天开始全国各地的气温开学下降今天开始全国各地的气温开学下降今天开始全国各地的气温开学下降今天开始全国各地的气温开学下降今天开始全国各地的气温开学下降今天开始全国各地的气温开学下降今天开始全国各地的气温开学下降今天开始全国各地的气温开学下降今天开始全国各地的气温开学下降', '947bf40c-8028-42d6-a20a-6e3cdc4b8b87.jpg', '5', '18', '178', '3', '1', '1', '0', '2020-02-14 14:29:47', '2020-02-14 14:29:47', null, '0', null, null, '0');
INSERT INTO `cms_article` VALUES ('1118', '2020年，中国加油，武汉加油,一定要渡过难关', '2020年，中国加油，武汉加油,一定要渡过难关2020年，中国加油，武汉加油,一定要渡过难关2020年，中国加油，武汉加油,一定要渡过难关2020年，中国加油，武汉加油,一定要渡过难关2020年，中国加油，武汉加油,一定要渡过难关2020年，中国加油，武汉加油,一定要渡过难关2020年，中国加油，武汉加油,一定要渡过难关2020年，中国加油，武汉加油,一定要渡过难关2020年，中国加油，武汉加油,一定要渡过难关2020年，中国加油，武汉加油,一定要渡过难关2020年，中国加油，武汉加油,一定要渡过难关2020年，中国加油，武汉加油,一定要渡过难关2020年，中国加油，武汉加油,一定要渡过难关2020年，中国加油，武汉加油,一定要渡过难关2020年，中国加油，武汉加油,一定要渡过难关2020年，中国加油，武汉加油,一定要渡过难关2020年，中国加油，武汉加油,一定要渡过难关2020年，中国加油，武汉加油,一定要渡过难关2020年，中国加油，武汉加油,一定要渡过难关2020年，中国加油，武汉加油,一定要渡过难关2020年，中国加油，武汉加油,一定要渡过难关2020年，中国加油，武汉加油,一定要渡过难关2020年，中国加油，武汉加油,一定要渡过难关2020年，中国加油，武汉加油,一定要渡过难关2020年，中国加油，武汉加油,一定要渡过难关2020年，中国加油，武汉加油,一定要渡过难关2020年，中国加油，武汉加油,一定要渡过难关2020年，中国加油，武汉加油,一定要渡过难关2020年，中国加油，武汉加油,一定要渡过难关2020年，中国加油，武汉加油,一定要渡过难关2020年，中国加油，武汉加油,一定要渡过难关2020年，中国加油，武汉加油,一定要渡过难关', '05c155c1-e3a6-40d7-bb53-44948dd8bfe1.jpg', '3', '10', '177', '2', '1', '1', '0', '2020-02-14 16:39:59', '2020-02-14 16:39:59', null, '0', null, null, '0');
INSERT INTO `cms_article` VALUES ('1296', '那是发生1111111', 'hjjiiiihhhhhhhhhhhhhhhhhhhhhhhhhhhhhhhhhhhhhhhhhhhhhbbbbbbbbbbbbbbbbbb', 'fbad0cc4-dc64-4d05-9545-53439ad6b5c9.jpg', '7', '27', '178', '6', '1', '1', '0', '2020-02-17 14:06:59', '2020-02-17 14:06:59', null, '0', null, null, '0');
INSERT INTO `cms_article` VALUES ('1455', '那是发生322525', '那是发生322525那是发生322525那是发生322525那是发生322525那是发生322525那是发生322525那是发生322525那是发生322525那是发生322525那是发生322525那是发生322525那是发生322525那是发生322525那是发生322525那是发生322525那是发生322525那是发生322525那是发生322525那是发生322525那是发生322525那是发生322525那是发生322525那是发生322525那是发生322525那是发生322525那是发生322525那是发生322525那是发生322525那是发生322525那是发生322525那是发生322525那是发生322525那是发生322525那是发生322525那是发生322525那是发生322525那是发生322525那是发生322525那是发生322525那是发生322525那是发生322525那是发生322525那是发生322525那是发生322525那是发生322525那是发生322525那是发生322525那是发生322525那是发生322525那是发生322525那是发生322525那是发生322525那是发生322525那是发生322525那是发生322525那是发生322525那是发生322525那是发生322525那是发生322525那是发生322525那是发生322525那是发生322525那是发生322525那是发生322525那是发生322525那是发生322525那是发生322525那是发生322525那是发生322525那是发生322525那是发生322525那是发生322525那是发生322525那是发生322525那是发生322525那是发生322525那是发生322525', '859fef75-d967-4ce5-932d-428ed93a667e.jpg', '2', '5', '178', '0', '0', '1', '0', '2020-02-17 17:29:34', '2020-02-17 17:29:34', null, '0', null, null, '0');
INSERT INTO `cms_article` VALUES ('1456', '中国开始绝地反击！某国5G后又对大飞机动手 遭欧盟带头反对', '原标题：中国开始绝地反击！某国5G后又对大飞机动手 遭欧盟带头反对 慕安会是国际关系的一个前沿观察哨 “美方所有针对中国的指责都是谎言。”就在中国“战疫”正酣之时，和北京相差7个小时的德国慕尼黑，也在上演一场看不见硝烟的交锋。 当地时间2月15日，中国外长表示，两位美国高官刚刚又在这里喋喋不休地指责和抹黑中国，还大言不惭地说： 西方价值观将战胜俄罗斯和中国对“帝国”的渴望。我在这里的回应是，美方所有针对中国的指责都是谎言，都不是事实。 但如果把这些谎言的主角换成美国，那么这些谎言就会变成事实，就是真相。 我们希望美国这个超级大国不要太丧失自信，更不要丧失理智。 高官承认美国现在撒谎、欺骗与偷窃 一年一度的慕尼黑安全会议（简称慕安会）素有“防务领域的‘达沃斯论坛’”之称，第56届慕安会14日在慕尼黑开幕， 150多名世界领导人和官员将参加为期三天的会议，其中包括法国总统、加拿大总理、美国国务卿以及俄罗斯、伊朗、卡塔尔和阿联酋外长，以及北约秘书长、世界银行和世界粮食计划署负责人。 慕安会一直是洞察国际关系走向的一个“观察哨”。 在本届慕安会的众多议题中，新冠肺炎疫情、气候变化、大国竞合、军控、地缘冲突等传统安全议题和网络安全、恐怖主义等非传统议题成为与会官员人士讨论的焦点。 美国目前正随时随地窃取全世界的信息 然而，与以往较为和谐的气氛严重不同的是，两位美国高官到处在每个参会对象面前喋喋不休地指责和抹黑中国。 两位美国高官正是美国国务卿蓬佩奥和国防部长埃斯珀。 蓬佩奥首先为美国的全球作用辩护，同时渲染了他的“担忧”。他警告欧洲，不要在“错误的方向”上追随中国，西方价值观将战胜俄罗斯和中国对“帝国”的渴望。 美国国防部长埃斯珀紧接着蓬佩奥之后发表讲话，整篇演讲都在谈中国崛起构成的威胁： 指责中国通过华为采取“邪恶战略”，而英国决定让华为“有限”参与5G建设助长了中国的野心。 美国正全力污蔑HUAWEI与中国5G 此前曾有报道形容美国国务卿蓬佩奥就是现代版的祥林嫂，无论访问到哪里，嘴里始终唠叨的都是指责中国的话题。面对蓬佩奥与埃斯珀对中国的“喋喋不休”，欧洲多国外长与慕安会主席伊辛格也有些听不下去： 美国务卿蓬佩奥等人刚刚在这里又对中国提出各种批评，这对中国很不公平，中国值得国际社会更多理解和支持，而不是指责和恐惧。 而面对这一问题，中国外长斩钉截铁地回击称，美国展现了最大程度的不自信，把美国的失败归咎到中国头上，在全世界到处散播中国对全球构成了威胁。 美又企图封锁发动机阻止中国研发大飞机 中国认为，美国所散布的一切，其实都是美国正在做的，所有对中国的污蔑实际上换个主角，那实际上就是美国的做事风格。 除了以安全为由鼓动全球封杀中国5G外，又要对C919客机的LEAP-1C发动机进行封锁， 其目的无非是阻止中国制造走向全球，实质上就是害怕与中国进行竞争，所作所为实在不像一个负责任的世界大国！ 而美国的这一切做法，都反映了一个趋势：西方正在走向穷途末路！正如本次慕安会的主题是“西方缺失”一样！ 分析人士认为，正是中国的快速崛起，加快了这一“全球治理西方缺失”的发展趋势。 红色代表中国海军的活动区域正挺进全球 毫无疑问，中国的崛起以及中国在全球经济和安全政策领域越来越大的影响力，不可避免地使以西方为主导的世界秩序发生了变化。基于在国际机构中的影响力、经济实力以及军力增长，中国成了许多西方与非西方国家的主要选项。 但美国不想和平让出既有利益，因此对中国基本丧失了理智。 从这次中国外长的反击来看，获得了欧洲以及其他与会国的大力支持与掌声，就证明中国的做法符合世界绝大多数国家的利益，因此也就是正确的！ 但美国一定不会死心，为了让更多国家相信其谎言，无时不刻在任何国际场合对中国“喋喋不休”！ 对此，中国还要像这次外长与资深女外交官傅莹的诘问一样，随时做好坚决的反击！ （cgw316于2020.02.17） 返回搜狐，查看更多 责任编辑：', 'a0c693a4-21d6-4d1f-b55f-9c1c179bf03e.jpg', '1', '1', '153', null, null, null, null, null, null, null, '0', null, null, '0');
INSERT INTO `cms_article` VALUES ('1457', '朱元璋释放3千俘虏，写下3行字，学者：难怪朱元璋能统一天下', '原标题：朱元璋释放3千俘虏，写下3行字，学者：难怪朱元璋能统一天下 元朝末年，社会矛盾激化，韩山童、刘福通等人在颍州（安徽阜阳）掀起“红巾军起义”，席卷黄河流域，史称北方红巾军。不久后，远在湖北蕲水的徐寿辉也发动起义，声势浩大，又称南方红巾军。10年后，红巾军格局改变很大，韩山童已死，韩林儿的“龙凤”政权已经走到尽头，朱元璋成了北方红巾军中的佼佼者。而陈友谅杀掉了上司徐寿辉，自称“汉王”，成为元朝末年最大的义军势力。在彼此扩张的道路上，朱元璋和陈友谅开始互相兼并，终于，在鄱阳湖展开“火拼”，史称鄱阳湖之战。 实际上，在前期抗击元朝的过程中，陈友谅和朱元璋算是“友军”，但随着元军北撤，在争夺地盘的过程中，双方难免会伤及彼此的利益。陈友谅担心朱元璋会威胁到自己，打算先下手为强。 陈友谅的大本营在江州（九江），朱元璋的大本营在应天（南京），陈友谅沿江而下，势如破竹，但在龙湾之战中被朱元璋伏击，损失惨重。 三年后，以“洪都之战”为导火索，陈友谅举兵60万攻打洪都（南昌），朱元璋的亲侄子朱文正一边死守，一边派人到南京求援。朱元璋闻讯后从南京倾巢而出，带领20万大军驰援，双方在鄱阳湖展开决战。 因为兵力数量和战船规模都不及陈友谅，在战争初期，朱元璋并不占优势，朱元璋甚至一度被陈友谅麾下的大将张定边逼入绝境。但接下来，战争进入相持阶段，朱元璋采用刘伯温的建议，将鄱阳湖的入江口全部守住，并且将附近城池的粮食全部夺走。陈友谅急着找朱元璋决战，朱元璋用轻舟环伺，陈友谅的战船虽然高大，但不够灵活，几天下来，双方都有大量的士兵被对方俘虏。 朱元璋派使者到陈友谅的船上，提出和陈友谅交换战俘，陈友谅狂妄自大，不愿意交换。《明史纪事本末》记载： 友谅得书，怒，留使者不遣，尽杀所获战士。 也就是说，陈友谅认为自己士兵比朱元璋多，不愿意交换战俘，扣留了朱元璋的使者，并且把战俘全部杀掉。朱元璋当时也俘虏了陈友谅约3000名战俘，这些战俘听闻陈友谅拒绝交换，都大失所望，都认为朱元璋必将杀他们报仇。没想到，朱元璋下令： 悉出所获友谅军，视其伤者赐药疗之，皆遣还。又令祭其弟侄及将士之战死者。 朱元璋反其道而行之，将俘虏的3000战俘全部放回去，有受伤的还送他们药，然后还帮他们祭祀他们已经死去的兄弟和战友。这些俘虏死里逃生，都对朱元璋感激不尽。朱元璋又让战俘们给陈友谅带了一封信，信上只有3行字： 江、淮英雄，惟吾与公耳，我等有何深仇，乃自相吞并？ 吾尝遣使往，不见使回，公度量何浅浅哉？ 公勿作欺人之容，不然，丧家灭姓，悔之晚矣！ 朱元璋的这三行书信，第一，说自己和陈友谅无冤无仇，如今造成这个局面，全赖陈友谅。第二，骂陈友谅度量太浅，连个使者都不敢放回来。第三，说陈友谅自欺欺人，如果不投降，到时候会后悔的。 当战俘们把这封信带给陈友谅后，又说了许多朱元璋的好话，陈友谅大怒，差点将3千战俘全部杀光。这些战俘本来以为回到本方阵营，就安全了，最后却被陈友谅杀掉。战俘们的战友们都在陈友谅的军中，陈友谅此举导致军心大乱，他的左金吾（负责保护陈友谅的官职）率先带兵投奔朱元璋，然后右金吾也来投奔，其他将领纷纷趁夜投奔朱元璋。陈友谅得知将士们潜逃，大肆杀伐，越是这样，将士们越是逃得快。最后，局面完全不同，朱元璋众望所归，陈友谅众叛亲离，直接导致了战争的结局。 有学者称，鄱阳湖之战作为中国古代史上规模最大的水上战争，朱元璋能够以少胜多，最关键的是朱元璋使用了“攻心术”。朱元璋释放俘虏，以及写的三行字书信，都是攻心之计，陈友谅并非实力不强，而是败在气量不足，这就是朱元璋能够取得天下的原因。（本文参考《明史纪事本末》） 来源网络版权归原作者所有返回搜狐，查看更多 责任编辑：', 'a0c693a4-21d6-4d1f-b55f-9c1c179bf03e.jpg', '1', '1', '153', null, null, null, null, null, null, null, '0', null, null, '0');
INSERT INTO `cms_article` VALUES ('1458', '朱德的结拜兄弟，因帮红军被老蒋从中将一撸到底，晚年被刺杀', '原标题：朱德的结拜兄弟，因帮红军被老蒋从中将一撸到底，晚年被刺杀 我党的很多干部都是从国民党部队的军官中分离出来的。就连我们的朱老总都曾经加入过滇军部队。既然参加过国民党部队当然或多或少就有交情，朱德在滇军就有一位结拜兄弟。不过他的结拜兄弟就很惨，因为帮了朱德一把就被老蒋记仇，直接解散他部队成了一名郎中，还不幸被枪杀。那他怎样帮了朱德呢？ 朱德有一位结拜兄弟就是范石生，两人关系极其要好。当初朱德在云南陆军讲武堂读书时候，就认识了范石生。由于朱德是一个四川人，在云南没什么熟人，就时常跟范石生在一起。范石生是云南省玉溪市峨山县小街镇人，由于时常跟朱德在一起，最后两人志趣相投直接成为了拜把子兄弟。两人熟到什么地步？就连范家人都跟朱德相当熟络。 不过时光飞逝，那个跟他一起讨伐袁世凯，加入同盟会的朱德老兄此时已经走上了另一条救国之路。八一南昌起义之后，朱德率领部队前往广东。此时正好在韶关西北60里左右的犁铺头休息。部队白天修整训练，晚上就开始向群众传播革命知识，甚至开始了打土豪分田地的工作。也是在这里，很多革命同志开始向部队靠拢。革命队伍开始壮大了起来。 但是此时朱德的部队形势很不乐观，因为没有根据地，周边全是国民党的部队。好在他附近就是他的老友范石生。于是，朱德就联系了范石生，把自己的部队改编进了范石生的16军进行隐蔽。部队变成了16军47师140团，而朱德是47师副师长兼140团团长。朱德自己也化名为王楷。就这样，部队得到了一些补充和经费。不过好景不长，蒋介石特务众多，1928年1月初，很快就发现了16军的猫腻。为了逼迫范石生将朱德的部队缴械，让方鼎英部来到广东监视其工作。无奈，范石生就只得让朱德的部队离开。临走时，还特地给朱德写了一封信还给了一万块钱。信中写到：“为了避免部队遭受损失，你们还是走大路，不要走小路；最后胜利是你们的，现在我是爱莫能助。” 之后的日子，朱德把部队开进了湖南，最后成功在井冈山会师。而范石生却成为了蒋介石的眼中钉。先是把范石生的部队改编成了师，自己从中将变成了少将。接下来，在1932年更是把范石生的部队解散掉了，范石生无奈只得卸甲归田。 实际上，范石生是有功于国民党的。当初1922年陈炯明叛变革命攻打广州，范石生率领自己的滇军赶到广州与陈炯明血战。为了表彰范石生，孙中山亲自题了四个大字“功在国家”并且赠给他一把军刀。然而，这在老蒋眼里并不重要。卸甲归田后的范石生一直赋闲，到了1937年抗战爆发，范石生才回到了昆明成为了一名郎中。不过好人没有得到好报，在1939年一次出诊的时候，突然被刺杀，死因一直成谜。返回搜狐，查看更多 责任编辑：', 'a0c693a4-21d6-4d1f-b55f-9c1c179bf03e.jpg', '1', '1', '153', null, null, null, null, null, null, null, '0', null, null, '0');
INSERT INTO `cms_article` VALUES ('1459', '珠海明骏将所持格力电器股票全部质押 承诺促进格力电器每年分红比例不低于50%', '原标题：珠海明骏将所持格力电器股票全部质押 承诺促进格力电器每年分红比例不低于50% 经济观察网 记者 李华清2月16日晚间，格力电器（000651.SZ）公告，截至2月14日，公司第一大股东珠海明骏投资合伙企业（有限合伙）（以下简称“珠海明骏”）及其一致行动人质押的公司股份数量已经达到其持有的公司股份数量的99.91%，其中，珠海明骏将其受让得到的15%的上市公司股权全部质押给招商银行，质押的起始日期是2020年2月13日，质押到期日是2026年12月16日，质押到期日可能会因《股票质押贷款协议》的约定或者还款情况而有所调整。 尽管珠海明骏将其刚到手不久的格力电器股票全部质押，但这是意料之中的事情。根据以前的公告，格力电器15%的股权的受让款价值416亿元，珠海明骏支付的受让款一半来自自有资金，一半来自自筹资金。自筹资金全部为银行贷款。 早在2019年12月，珠海明骏就跟招商银行、中国银行、平安银行、浦发银行等合计7家银行签订《贷款协议》，《贷款协议》融资用于珠海明骏受让格力电器15%的股权，为该次贷款做担保的安排是，珠海明骏将获得的格力电器股权质押给银行。 格力电器在1月21日公告的《详式权益变动报告书》里披露了《贷款协议》更详细的约定：贷款期限为首个提款日后60个月，经全体贷款人同意后可延至 84 个月，其中，前36个月为宽限期，宽限期内无需还本；珠海明骏需要于首个提款日后90日内签署格力电器股票质押协议，将其受让的格力电器全部股票质押给贷款银行；珠海明骏本次所有贷款均不存在与市值涨跌挂钩的补仓或平仓机制；珠海明骏承诺，在格力电器涉及分红的股东大会中积极行使股东投票权并促使其提名的董事在格力电器每年净利润分红比例不低于50%的董事会决议中投赞成票。 从《贷款协议》的内容来看，有三个要点颇受关注，一是，虽然只贷款208亿元，但是要质押价值416亿元的股票；二是，贷款不设与市值涨跌挂钩的补仓或者平仓机制；三是，为保护债权人的利益，珠海明骏承诺促进格力电器每年净利润分红比例不低于50%。 为保障上市公司股权的稳定性，珠海明骏承诺锁定新受让的格力电器15%股权36个月，贷款协议中不设置补仓线或者平仓线，并不让人意外。接近高瓴资本的人士透露，高瓴资本和格力电器的品牌效力和信誉度都不错，跟银团协商不设平仓线并不难。 在南开大学现代管理研究所所长李亚看来，整个贷款方案，条件是否优惠，跟是否设置平仓线或抵押物的金额高低不是非常相关，关键还是要是要看贷款利率。就算不设平仓线，银团也可以提高贷款利率来谋取利益。珠海明骏方面并没有公布贷款利率的情况。 格力电器的分红情况将极大影响珠海明骏的还款进展。wind显示，自1996年上市以来，格力电器累计实现净利润1503.5亿元，累计现金分红544.2亿元，分红率为36.2%。尽管看整体的分红率，珠海明骏要促进格力电器每年净利润分红比例不低于50%较为困难，不过，近年来格力电器的分红率均不低，具体来看，2018年股利支付率为48.21%，2016年为70.22%，2015年为72%。 在国内经济存在下行压力、空调市场遇冷的情况下，珠海明骏是否能促进2019年格力电器的分红率超过50%，还有待见证。返回搜狐，查看更多 责任编辑：', 'a0c693a4-21d6-4d1f-b55f-9c1c179bf03e.jpg', '1', '1', '153', null, null, null, null, null, null, null, '0', null, null, '0');
INSERT INTO `cms_article` VALUES ('1460', '钻石也有避险功能，你投资了吗？', '原标题：钻石也有避险功能，你投资了吗？ 随着春节期间新冠病毒的爆发，全球恐慌指数也创新高，反映投资者情绪重要指标之一的恐慌指数（VIX）也随之飙升，而贵金属钻石类实物投资产品却随之上涨，具有避险属性的实物资产（黄金，钻石等）成为资金追捧焦点。 如何寻求避险已经成为投资者需要考虑的事情。相对于其他投资品，钻石走势相对独立，这主要是因为其需求增长相对稳定。钻石产品的走势与经济周期变化关系不大，价格的决定因素更多的是探明储量和上游的开采情况来决定的。保有一定比例的钻石资产，有助于抵御经济周期波动风险。而相较于其他投资产品来说，钻石投资的好处更多，下面一起来看看，行业分析人士对投资钻石的前景的分析以及投资钻石的几大理由： 一、钻石抗通胀 伴随全球钻石产量下降，钻石价格一路走高，销量也出现大幅上涨，悄然成了投资理财的新热门品种。从1934以来，钻石的价格增值就已经大幅超过了通货膨胀率，投资钻石可以保护投资人的资本不被通货膨胀侵蚀。 二、钻石私密，易于携带 钻石是保障最私密性的个人财富投资。有别于其它形式的投资，投资人必须要寻找投资财富保管商，如投资银行，保管银行等。而钻石投资者拥有的是直接由自己保管的有形资产。并且钻石不属于大件，存放起来也比较私密、安全。 三、钻石世界流通 钻石有别于一般的期货商品投资，每天不会有剧烈的价格波动。也没有任何的政府会堆积钻石库存，因此，各国的政府并不会控制或影响钻石的自由交易市场。此外，由于钻石的国际需求大于供应，钻石很容易在世界任何地方售卖。 四、钻石价格稳步升高 钻石是世界上最古老的宝石，且资源不可再生，这使钻石更添了份珍贵，吸引越来越多的人关注钻石。回顾钻石市场，近100多年来，钻石一直稳定地以平均每年10%的比例在增值，几乎没有下跌过。同时，钻石随着大小及品质的不同，增值比例相差很大，大份数、高品质的钻石升值潜力显著。 根据十年来Rapaport钻石报价表上的钻石售价基数来估算，1—5克拉钻石平均年度最高涨幅与级别是： 1克拉—上涨7.0%（E.IF） 2克拉—上涨8.2%（D.IF） 3克拉—上涨14.3%（D.IF） 4克拉—上涨15.2%（F.VVS2） 5克拉—上涨17.9%（F.VVS2） 由涨幅数据中可以看出钻石涨势稳定，1克拉以上高品质的钻石极具投资与收藏价值。 从市场的发展轨迹看，钻石价格不像黄金起伏之大，也没有艺术品投资的高风险，基本是稳步攀升的趋势，也必将成为投资收藏避险的选择。返回搜狐，查看更多 责任编辑：', 'a0c693a4-21d6-4d1f-b55f-9c1c179bf03e.jpg', '1', '1', '153', '3', '1', '1', '0', '2020-02-12 03:55:20', '2020-02-17 03:55:25', null, '0', null, null, '0');
INSERT INTO `cms_article` VALUES ('1461', '那是发生999999999999999', '那是发生999999999999999那是发生999999999999999那是发生999999999999999那是发生999999999999999那是发生999999999999999那是发生999999999999999那是发生999999999999999那是发生999999999999999那是发生999999999999999那是发生999999999999999那是发生999999999999999那是发生999999999999999那是发生999999999999999那是发生999999999999999那是发生999999999999999那是发生999999999999999那是发生999999999999999那是发生999999999999999那是发生999999999999999那是发生999999999999999那是发生999999999999999那是发生999999999999999那是发生999999999999999那是发生999999999999999那是发生999999999999999那是发生999999999999999那是发生999999999999999那是发生999999999999999那是发生999999999999999那是发生999999999999999那是发生999999999999999那是发生999999999999999那是发生999999999999999那是发生999999999999999那是发生999999999999999那是发生999999999999999那是发生999999999999999那是发生999999999999999那是发生999999999999999那是发生999999999999999那是发生999999999999999那是发生999999999999999那是发生999999999999999那是发生999999999999999那是发生999999999999999那是发生999999999999999那是发生999999999999999那是发生999999999999999那是发生999999999999999那是发生999999999999999那是发生999999999999999那是发生999999999999999那是发生999999999999999那是发生999999999999999那是发生999999999999999那是发生999999999999999那是发生999999999999999那是发生999999999999999那是发生999999999999999那是发生999999999999999那是发生999999999999999那是发生999999999999999那是发生999999999999999那是发生999999999999999那是发生999999999999999那是发生999999999999999那是发生999999999999999那是发生999999999999999那是发生999999999999999', '6c2b815d-ca28-4d75-b32a-589d48806afa.jpg', '7', '27', '178', '2', '1', '1', '0', '2020-02-18 11:55:56', '2020-02-18 11:55:56', null, '0', null, null, '0');
INSERT INTO `cms_article` VALUES ('1462', '那是发生55555555555552', '那是发生55555555555552那是发生55555555555552那是发生55555555555552那是发生55555555555552那是发生55555555555552那是发生55555555555552那是发生55555555555552那是发生55555555555552那是发生55555555555552那是发生55555555555552那是发生55555555555552那是发生55555555555552那是发生55555555555552那是发生55555555555552那是发生55555555555552那是发生55555555555552那是发生55555555555552那是发生55555555555552那是发生55555555555552那是发生55555555555552那是发生55555555555552那是发生55555555555552那是发生55555555555552那是发生55555555555552那是发生55555555555552那是发生55555555555552那是发生55555555555552那是发生55555555555552那是发生55555555555552那是发生55555555555552那是发生55555555555552那是发生55555555555552那是发生55555555555552那是发生55555555555552那是发生55555555555552那是发生55555555555552那是发生55555555555552那是发生55555555555552那是发生55555555555552那是发生55555555555552那是发生55555555555552那是发生55555555555552那是发生55555555555552那是发生55555555555552那是发生55555555555552那是发生55555555555552那是发生55555555555552那是发生55555555555552那是发生55555555555552那是发生55555555555552那是发生55555555555552那是发生55555555555552那是发生55555555555552那是发生55555555555552那是发生55555555555552那是发生55555555555552那是发生55555555555552那是发生55555555555552那是发生55555555555552那是发生55555555555552那是发生55555555555552那是发生55555555555552那是发生55555555555552那是发生55555555555552那是发生55555555555552', '1cffedd9-e351-4eb5-9d01-0f023b8e1a0e.jpg', '3', '10', '178', '0', '1', '1', '0', '2020-02-18 12:02:37', '2020-02-18 12:02:37', null, '0', null, null, '0');

-- ----------------------------
-- Table structure for `cms_category`
-- ----------------------------
DROP TABLE IF EXISTS `cms_category`;
CREATE TABLE `cms_category` (
  `id` int(11) NOT NULL AUTO_INCREMENT,
  `name` varchar(20) DEFAULT NULL,
  `channel_id` int(11) DEFAULT NULL,
  PRIMARY KEY (`id`),
  KEY `FK_CMS_CATE_REFERENCE_CMS_CHAN` (`channel_id`),
  CONSTRAINT `cms_category_ibfk_1` FOREIGN KEY (`channel_id`) REFERENCES `cms_channel` (`id`)
) ENGINE=InnoDB AUTO_INCREMENT=33 DEFAULT CHARSET=utf8;

-- ----------------------------
-- Records of cms_category
-- ----------------------------
INSERT INTO `cms_category` VALUES ('1', '互联网', '1');
INSERT INTO `cms_category` VALUES ('2', '软件', '1');
INSERT INTO `cms_category` VALUES ('3', '智能家居', '1');
INSERT INTO `cms_category` VALUES ('4', '虚拟货币', '2');
INSERT INTO `cms_category` VALUES ('5', '股票', '2');
INSERT INTO `cms_category` VALUES ('6', '外汇', '2');
INSERT INTO `cms_category` VALUES ('7', '黄金', '2');
INSERT INTO `cms_category` VALUES ('8', '宏观经济', '2');
INSERT INTO `cms_category` VALUES ('9', '美国', '3');
INSERT INTO `cms_category` VALUES ('10', '亚洲', '3');
INSERT INTO `cms_category` VALUES ('11', '欧洲', '3');
INSERT INTO `cms_category` VALUES ('12', '非洲', '3');
INSERT INTO `cms_category` VALUES ('13', '新车', '4');
INSERT INTO `cms_category` VALUES ('14', 'SUV', '4');
INSERT INTO `cms_category` VALUES ('15', '汽车导购', '4');
INSERT INTO `cms_category` VALUES ('16', '用车', '4');
INSERT INTO `cms_category` VALUES ('17', 'NBA', '5');
INSERT INTO `cms_category` VALUES ('18', 'CBA', '5');
INSERT INTO `cms_category` VALUES ('19', '中超', '5');
INSERT INTO `cms_category` VALUES ('20', '意甲', '5');
INSERT INTO `cms_category` VALUES ('21', '电影', '6');
INSERT INTO `cms_category` VALUES ('22', '电视剧', '6');
INSERT INTO `cms_category` VALUES ('23', '综艺', '6');
INSERT INTO `cms_category` VALUES ('24', '明星八卦', '6');
INSERT INTO `cms_category` VALUES ('25', '段子', '7');
INSERT INTO `cms_category` VALUES ('26', '爆笑节目', '7');
INSERT INTO `cms_category` VALUES ('27', '童趣萌宠', '7');
INSERT INTO `cms_category` VALUES ('28', '雷人囧事', '7');
INSERT INTO `cms_category` VALUES ('29', '老图片', '9');
INSERT INTO `cms_category` VALUES ('30', '图片故事', '9');
INSERT INTO `cms_category` VALUES ('31', '摄影集', '9');
INSERT INTO `cms_category` VALUES ('32', '王者荣耀', '8');

-- ----------------------------
-- Table structure for `cms_channel`
-- ----------------------------
DROP TABLE IF EXISTS `cms_channel`;
CREATE TABLE `cms_channel` (
  `id` int(11) NOT NULL AUTO_INCREMENT,
  `name` varchar(30) DEFAULT NULL,
  `description` varchar(50) DEFAULT NULL,
  `icon` varchar(50) DEFAULT NULL,
  `sorted` int(11) DEFAULT NULL COMMENT '排序',
  PRIMARY KEY (`id`)
) ENGINE=InnoDB AUTO_INCREMENT=10 DEFAULT CHARSET=utf8;

-- ----------------------------
-- Records of cms_channel
-- ----------------------------
INSERT INTO `cms_channel` VALUES ('1', '科技', null, null, null);
INSERT INTO `cms_channel` VALUES ('2', '财经', null, null, null);
INSERT INTO `cms_channel` VALUES ('3', '国际', null, null, null);
INSERT INTO `cms_channel` VALUES ('4', '汽车', null, null, null);
INSERT INTO `cms_channel` VALUES ('5', '体育', null, null, null);
INSERT INTO `cms_channel` VALUES ('6', '娱乐', null, null, null);
INSERT INTO `cms_channel` VALUES ('7', '搞笑', null, null, null);
INSERT INTO `cms_channel` VALUES ('8', '游戏', '游戏游戏游戏游戏', null, null);
INSERT INTO `cms_channel` VALUES ('9', '图片', null, null, null);

-- ----------------------------
-- Table structure for `cms_collect`
-- ----------------------------
DROP TABLE IF EXISTS `cms_collect`;
CREATE TABLE `cms_collect` (
  `id` int(11) NOT NULL AUTO_INCREMENT,
  `text` varchar(200) DEFAULT NULL,
  `url` varchar(100) DEFAULT NULL,
  `created` datetime DEFAULT NULL,
  `user_id` int(11) DEFAULT NULL,
  PRIMARY KEY (`id`)
) ENGINE=InnoDB AUTO_INCREMENT=26 DEFAULT CHARSET=utf8;

-- ----------------------------
-- Records of cms_collect
-- ----------------------------
INSERT INTO `cms_collect` VALUES ('23', '卖电动车赚钱有多难？', 'http://127.0.0.1/article?id=2', '2019-11-23 11:06:09', '168');
INSERT INTO `cms_collect` VALUES ('24', '雷军股市往事：A股火爆身家一天暴涨150亿，港股破发说大势不好', 'http://127.0.0.1/article?id=1', '2019-11-23 11:06:34', '168');
INSERT INTO `cms_collect` VALUES ('25', '雷军股市往事：A股火爆身家一天暴涨150亿，港股破发说大势不好', 'http://127.0.0.1/article?id=1', '2019-11-23 11:07:40', '169');

-- ----------------------------
-- Table structure for `cms_comment`
-- ----------------------------
DROP TABLE IF EXISTS `cms_comment`;
CREATE TABLE `cms_comment` (
  `id` int(11) NOT NULL AUTO_INCREMENT,
  `user_id` int(11) DEFAULT NULL,
  `content` longtext,
  `created` datetime DEFAULT NULL,
  `article_id` int(11) DEFAULT NULL,
  PRIMARY KEY (`id`)
) ENGINE=InnoDB AUTO_INCREMENT=11 DEFAULT CHARSET=utf8;

-- ----------------------------
-- Records of cms_comment
-- ----------------------------
INSERT INTO `cms_comment` VALUES ('1', '177', '<span style=\"background-color:#E56600;\">测试</span><span style=\"background-color:#E56600;\">测试</span><span style=\"background-color:#E56600;\">测试</span><span style=\"background-color:#E56600;\">测试</span><span style=\"background-color:#E56600;\">测试</span><span style=\"background-color:#E56600;\">测试</span><span style=\"background-color:#E56600;\">测试</span>', '2019-12-04 19:17:23', '17');
INSERT INTO `cms_comment` VALUES ('2', '177', '是打发第三方撒旦法撒', '2019-12-19 19:18:25', '17');
INSERT INTO `cms_comment` VALUES ('3', '177', '的发生分散', '2019-12-19 19:18:56', '17');
INSERT INTO `cms_comment` VALUES ('4', '177', '大发射发送发', '2019-12-19 19:19:07', '17');
INSERT INTO `cms_comment` VALUES ('5', '177', '阿萨啊啊啊啊&nbsp;', '2019-12-19 19:19:12', '17');
INSERT INTO `cms_comment` VALUES ('6', '177', '回来啦！！！', '2019-12-23 15:32:20', '22');
INSERT INTO `cms_comment` VALUES ('7', '178', '<p>\n	不错不错\n</p>\n<p>\n	<br />\n</p>', '2019-12-24 11:21:17', '14');
INSERT INTO `cms_comment` VALUES ('8', '178', '<p>\n	发财梦？\n</p>\n<p>\n	<img src=\"http://localhost:1111/resource/kindeditor/plugins/emoticons/images/11.gif\" border=\"0\" alt=\"\" />\n</p>', '2020-01-11 11:10:25', '24');
INSERT INTO `cms_comment` VALUES ('9', '178', '是啊啊是否收到的&nbsp;', '2020-02-18 10:43:15', '1296');
INSERT INTO `cms_comment` VALUES ('10', '178', '当地', '2020-02-18 11:50:56', '1296');

-- ----------------------------
-- Table structure for `cms_complain`
-- ----------------------------
DROP TABLE IF EXISTS `cms_complain`;
CREATE TABLE `cms_complain` (
  `id` int(11) NOT NULL AUTO_INCREMENT,
  `url` varchar(200) DEFAULT NULL,
  `typename` varchar(30) DEFAULT NULL COMMENT '举报类型',
  `content` longtext COMMENT '举报内容',
  `picurl` varchar(50) DEFAULT NULL COMMENT '举报图片',
  `article_id` int(11) DEFAULT NULL COMMENT '被举报的文章',
  `user_id` int(11) DEFAULT NULL COMMENT '举报人',
  `created` datetime DEFAULT NULL COMMENT '举报时间',
  PRIMARY KEY (`id`)
) ENGINE=InnoDB AUTO_INCREMENT=14 DEFAULT CHARSET=utf8;

-- ----------------------------
-- Records of cms_complain
-- ----------------------------
INSERT INTO `cms_complain` VALUES ('1', 'http://localhost:1111/complain?id=15', '涉及暴力', 'wwwwwwwwww', null, '15', '178', '2019-12-25 10:16:15');
INSERT INTO `cms_complain` VALUES ('2', 'http://localhost:1111/complain?id=22', '涉及违宗教政策', 'wefsdfsdf', null, '22', '178', '2019-12-25 10:16:33');
INSERT INTO `cms_complain` VALUES ('3', 'http://localhost:1111/complain?id=19', '涉及暴力', 'asadfdffsdf', null, '19', '178', '2019-12-25 10:16:55');
INSERT INTO `cms_complain` VALUES ('4', 'http://localhost:1111/complain?id=23', '涉及国家安全', 'kkkkkkkkkkkkkkk', null, '23', '178', '2019-12-25 10:17:20');
INSERT INTO `cms_complain` VALUES ('5', 'http://localhost:1111/complain?id=24', '涉及国家安全', '啦啦啦啦啦啦啦啦绿绿绿绿绿绿', null, '24', '177', '2019-12-25 11:11:06');
INSERT INTO `cms_complain` VALUES ('6', 'http://localhost:1111/complain?id=21', '涉及违宗教政策', '呜呜呜呜呜呜呜呜无无无无', null, '21', '177', '2019-12-25 11:11:35');
INSERT INTO `cms_complain` VALUES ('7', 'http://localhost:1111/complain?id=21', '涉及暴力', '手动阀发打发点', null, '21', '177', '2019-12-25 11:11:48');
INSERT INTO `cms_complain` VALUES ('8', 'http://localhost:1111/complain?id=24', '涉及暴力', 'asdfsdfsfsd', null, '24', '178', '2019-12-25 11:15:07');
INSERT INTO `cms_complain` VALUES ('9', 'http://localhost:1111/complain?id=13', '涉及国家安全', 'lfsdfdffffffffffffffffffffs', null, '13', '178', '2019-12-25 11:15:35');
INSERT INTO `cms_complain` VALUES ('10', 'http://localhost:1111/complain?id=21', '涉及国家安全', '二人若若若若若若若若', null, '21', '178', '2019-12-25 11:16:19');
INSERT INTO `cms_complain` VALUES ('11', 'http://localhost:1111/complain?id=22', '其他', '是大法官防守打法', null, '22', '178', '2019-12-25 11:17:03');
INSERT INTO `cms_complain` VALUES ('12', 'http://localhost:1111/complain?id=24', '涉及黄色', '士大夫士大夫', null, '24', '178', '2019-12-25 11:17:12');
INSERT INTO `cms_complain` VALUES ('13', 'http://localhost:1111/complain?id=24', '涉及暴力', 'sdfasdfsd', null, '24', '178', '2019-12-25 11:21:32');

-- ----------------------------
-- Table structure for `cms_links`
-- ----------------------------
DROP TABLE IF EXISTS `cms_links`;
CREATE TABLE `cms_links` (
  `id` int(11) NOT NULL AUTO_INCREMENT,
  `text` varchar(30) DEFAULT NULL,
  `url` varchar(100) DEFAULT NULL,
  `created` datetime DEFAULT NULL,
  PRIMARY KEY (`id`)
) ENGINE=InnoDB AUTO_INCREMENT=13 DEFAULT CHARSET=utf8;

-- ----------------------------
-- Records of cms_links
-- ----------------------------
INSERT INTO `cms_links` VALUES ('6', '京东', 'https://www.jd.com', '2019-08-22 10:28:33');
INSERT INTO `cms_links` VALUES ('7', '百度', 'https://www.baidu.com', '2019-12-11 15:46:59');
INSERT INTO `cms_links` VALUES ('8', '淘宝', 'https://www.taobao.com', '2019-08-22 11:15:13');
INSERT INTO `cms_links` VALUES ('11', '头条', 'https://www.toutiao.com/', '2019-11-23 09:04:37');
INSERT INTO `cms_links` VALUES ('12', '百度', 'https://www.baidu.com/', '2019-11-25 09:57:05');

-- ----------------------------
-- Table structure for `cms_settings`
-- ----------------------------
DROP TABLE IF EXISTS `cms_settings`;
CREATE TABLE `cms_settings` (
  `id` int(11) NOT NULL AUTO_INCREMENT,
  `site_domain` varchar(50) DEFAULT NULL,
  `site_name` varchar(50) DEFAULT NULL,
  `article_list_size` int(11) DEFAULT NULL,
  `slide_size` int(11) DEFAULT NULL,
  `admin_username` varchar(16) DEFAULT NULL,
  `admin_password` varchar(32) DEFAULT NULL,
  PRIMARY KEY (`id`)
) ENGINE=InnoDB DEFAULT CHARSET=utf8;

-- ----------------------------
-- Records of cms_settings
-- ----------------------------

-- ----------------------------
-- Table structure for `cms_shouc`
-- ----------------------------
DROP TABLE IF EXISTS `cms_shouc`;
CREATE TABLE `cms_shouc` (
  `id` int(11) NOT NULL AUTO_INCREMENT,
  `text` varchar(255) DEFAULT NULL,
  `url` varchar(255) DEFAULT NULL,
  `article_id` int(11) DEFAULT NULL,
  `user_id` int(11) DEFAULT NULL,
  `created` datetime DEFAULT NULL,
  PRIMARY KEY (`id`)
) ENGINE=InnoDB AUTO_INCREMENT=4 DEFAULT CHARSET=gbk;

-- ----------------------------
-- Records of cms_shouc
-- ----------------------------
INSERT INTO `cms_shouc` VALUES ('1', '十大歌手多多多多多多多', 'http://localhost:1111/shou?id=1296', null, '178', '2020-02-18 11:52:41');
INSERT INTO `cms_shouc` VALUES ('2', '中国加油', 'http://localhost:1111/shou?id=1118', null, '178', '2020-02-18 11:53:52');
INSERT INTO `cms_shouc` VALUES ('3', '少时诵诗书所所所所', 'http://localhost:1111/shou?id=1461', null, '178', '2020-02-18 12:01:56');

-- ----------------------------
-- Table structure for `cms_slide`
-- ----------------------------
DROP TABLE IF EXISTS `cms_slide`;
CREATE TABLE `cms_slide` (
  `id` int(11) NOT NULL AUTO_INCREMENT,
  `title` varchar(50) DEFAULT NULL,
  `picture` varchar(50) DEFAULT NULL,
  `url` varchar(50) DEFAULT NULL,
  PRIMARY KEY (`id`)
) ENGINE=InnoDB AUTO_INCREMENT=4 DEFAULT CHARSET=utf8;

-- ----------------------------
-- Records of cms_slide
-- ----------------------------
INSERT INTO `cms_slide` VALUES ('1', '山水一', '', '1.jpg');
INSERT INTO `cms_slide` VALUES ('2', '山水二', null, '2.jpg');
INSERT INTO `cms_slide` VALUES ('3', '山水三', null, '3.jpg');

-- ----------------------------
-- Table structure for `cms_user`
-- ----------------------------
DROP TABLE IF EXISTS `cms_user`;
CREATE TABLE `cms_user` (
  `id` int(11) NOT NULL AUTO_INCREMENT,
  `username` varchar(20) DEFAULT NULL,
  `password` varchar(50) DEFAULT NULL,
  `nickname` varchar(20) DEFAULT NULL,
  `birthday` date DEFAULT NULL,
  `gender` int(11) DEFAULT NULL,
  `locked` int(11) DEFAULT '0' COMMENT '0:正常,1:禁用',
  `created` datetime DEFAULT NULL,
  `updated` datetime DEFAULT NULL,
  `role` varchar(1) DEFAULT '0' COMMENT '0:普通用户,1:管理员',
  `url` varchar(200) DEFAULT NULL COMMENT '个人博客网址',
  PRIMARY KEY (`id`)
) ENGINE=InnoDB AUTO_INCREMENT=180 DEFAULT CHARSET=utf8;

-- ----------------------------
-- Records of cms_user
-- ----------------------------
INSERT INTO `cms_user` VALUES ('137', 'nb', '8d1c9457e01d9803f1caaeab87c8c07a', '牛百', '2019-10-10', '1', '0', '2019-10-03 09:58:41', '2019-10-03 09:58:41', '0', null);
INSERT INTO `cms_user` VALUES ('138', '王三', '8d1c9457e01d9803f1caaeab87c8c07a', 'wangsan', '2019-10-10', '0', '0', '2019-10-03 09:58:41', '2019-10-23 09:58:44', '0', null);
INSERT INTO `cms_user` VALUES ('152', 'zl', '8d1c9457e01d9803f1caaeab87c8c07a', '赵六', null, '1', '0', '2019-10-22 11:12:02', '2019-10-22 11:12:02', '0', null);
INSERT INTO `cms_user` VALUES ('153', 'admin', '8d1c9457e01d9803f1caaeab87c8c07a', '管理员', null, '1', '0', '2019-10-22 11:12:02', '2019-10-22 11:12:02', '1', null);
INSERT INTO `cms_user` VALUES ('155', '今天头条', '8d1c9457e01d9803f1caaeab87c8c07a', '今天头条', null, '1', '0', '2019-10-22 11:12:02', '2019-10-22 11:12:02', '0', 'https://www.jd.com/');
INSERT INTO `cms_user` VALUES ('156', '田七', '8d1c9457e01d9803f1caaeab87c8c07a', '田七', null, '1', '0', '2019-11-07 16:06:45', '2019-11-07 16:06:45', '0', null);
INSERT INTO `cms_user` VALUES ('157', '李四', '8d1c9457e01d9803f1caaeab87c8c07a', '李四', null, '1', '0', '2019-11-07 16:08:57', '2019-11-07 16:08:57', '0', null);
INSERT INTO `cms_user` VALUES ('159', 'bawei', '8d1c9457e01d9803f1caaeab87c8c07a', 'bawei', null, '1', '1', '2019-11-08 13:12:23', '2019-11-08 13:12:23', '0', null);
INSERT INTO `cms_user` VALUES ('160', '1707E', '8d1c9457e01d9803f1caaeab87c8c07a', '1707E', null, '1', '1', '2019-11-12 14:17:22', '2019-11-12 14:17:22', '0', null);
INSERT INTO `cms_user` VALUES ('168', '1707', '8d1c9457e01d9803f1caaeab87c8c07a', null, null, '1', '0', null, null, '0', null);
INSERT INTO `cms_user` VALUES ('169', '17077', '8d1c9457e01d9803f1caaeab87c8c07a', null, null, '1', '0', '2019-11-20 10:50:06', null, '0', null);
INSERT INTO `cms_user` VALUES ('177', 'kai', '8d1c9457e01d9803f1caaeab87c8c07a', 'kai', '2019-12-18', '0', '0', '2019-12-17 15:14:22', null, '0', null);
INSERT INTO `cms_user` VALUES ('178', 'zhangkaihang', '8d1c9457e01d9803f1caaeab87c8c07a', 'zhangkaihang', '2019-12-11', '0', '0', '2019-12-23 14:58:32', null, '0', null);
INSERT INTO `cms_user` VALUES ('179', 'zkh', '8d1c9457e01d9803f1caaeab87c8c07a', 'zkh', '2020-01-09', '0', '0', '2019-12-23 15:20:17', null, '1', null);
